,source,target
0,its_vlanermane,r.conchillo
1,its_vlanermane,gorgeoussbag
2,its_vlanermane,julie_moregelly
3,its_vlanermane,gad_klein_50
4,its_vlanermane,_iam_impulse
5,its_vlanermane,iam.chege
6,its_vlanermane,sessymap
7,its_vlanermane,vatkomike
8,its_vlanermane,busuulu_bala_sam
9,its_vlanermane,_i.am.addicted
10,its_vlanermane,d_kirika
11,its_vlanermane,_lanogw.a
12,its_vlanermane,lindi_kusini
13,its_vlanermane,shany_alfie
14,its_vlanermane,deancarlos18
15,its_vlanermane,cuttex_suhani_
16,its_vlanermane,niccur411
17,its_vlanermane,kudrin_dv
18,its_vlanermane,picturesboardroom254
19,its_vlanermane,different_perspectives_nation
20,its_vlanermane,kray_krysh_
21,its_vlanermane,1st__ben
22,its_vlanermane,nirvanafiennes
23,its_vlanermane,berwa_iwacu_
24,its_vlanermane,fan_aren25
25,its_vlanermane,shizzy_de_wizzy
26,its_vlanermane,mikimikiab
27,its_vlanermane,wizden.31
28,its_vlanermane,x_tripple
29,its_vlanermane,6loody_poyzone_
30,its_vlanermane,__s.e.n.i.o.r
31,its_vlanermane,mulumbifrancis
32,its_vlanermane,dontall
33,its_vlanermane,xl_illustrations
34,its_vlanermane,__6a6ushka__
35,its_vlanermane,djeey_rockaz250
36,its_vlanermane,__t.h.u.n.d.e.r_
37,its_vlanermane,makulamba
38,its_vlanermane,frozenniccur
39,its_vlanermane,toxic_vintage254
40,its_vlanermane,itsvee_8
41,its_vlanermane,rongai_dottie
42,its_vlanermane,rupee90
43,its_vlanermane,lennyleon802
44,its_vlanermane,elsie_ndutah
45,its_vlanermane,kenyatta_bandit_
46,its_vlanermane,tyla._.yaweh
47,its_vlanermane,_lyxslim
48,its_vlanermane,fahima_yaya
49,its_vlanermane,_.jeremy.ke
50,its_vlanermane,richie_awstin_
51,its_vlanermane,iamtylerscott01
52,its_vlanermane,b.r.i.a.n_myles
53,its_vlanermane,mollythekid.co
54,its_vlanermane,official.jayantsk
55,its_vlanermane,ali.lamar.391
56,its_vlanermane,vic_nyams
57,its_vlanermane,vichekesho_katuni_stories
58,its_vlanermane,asrkmousam
59,its_vlanermane,___m.marcus___
60,its_vlanermane,davewestfitness
61,its_vlanermane,muricalex256
62,its_vlanermane,o.t.y_t.o.x.i.c
63,its_vlanermane,yobra_grapher
64,its_vlanermane,ss_situma
65,its_vlanermane,husseinrajab343
66,its_vlanermane,j.o.k.e.r_tash
67,its_vlanermane,joabkamanzi234
68,its_vlanermane,rajajeemsalmani
69,its_vlanermane,dblasoundskenya
70,its_vlanermane,tessya65
71,its_vlanermane,toddy_81_official
72,its_vlanermane,c_wakuraya
73,its_vlanermane,f.r.a.n.k.adzzer
74,its_vlanermane,flick11_photos
75,its_vlanermane,rajan.alvin
76,its_vlanermane,blackwolf3857
77,its_vlanermane,promoter_abdu_ug
78,its_vlanermane,fijurno_tha_majestic
79,its_vlanermane,cyanda1037
80,its_vlanermane,dimorekevin
81,its_vlanermane,gift14088
82,its_vlanermane,vinas_bags254
83,its_vlanermane,_s.i.n.s.t.e.r_bandit
84,its_vlanermane,lord_xoxo_
85,its_vlanermane,_stacyke
86,its_vlanermane,street_dripers
87,its_vlanermane,itsshirleyhoes
88,its_vlanermane,k.h.a.l.t.e.e
89,its_vlanermane,i_am_.horus
90,its_vlanermane,_.psirmoi._
91,its_vlanermane,blogger_paul
92,its_vlanermane,mukamiannie
93,its_vlanermane,_ryan_k.ings_
94,its_vlanermane,realest_ryan
95,its_vlanermane,bb_btc_vicente__pd
96,its_vlanermane,k.i.m.e.m.p.i.r.e
97,its_vlanermane,poppychulo_breezy
98,its_vlanermane,tuyisenge_aime_patrick
99,its_vlanermane,escoberke
100,its_vlanermane,teecandy009
101,its_vlanermane,ngara.kid
102,its_vlanermane,susan_mugoh
103,its_vlanermane,shyreen143
104,its_vlanermane,iamtinylogan
105,its_vlanermane,radd_4l
106,its_vlanermane,salimbizz
107,its_vlanermane,africannaviy
108,its_vlanermane,nakuru_trapkidd
109,its_vlanermane,tonynails91
110,its_vlanermane,princess_shaveka
111,its_vlanermane,dress_with_stacy
112,its_vlanermane,e.town.nation
113,its_vlanermane,_heisgabriel_
114,its_vlanermane,_.mu_ngaii._
115,its_vlanermane,_oliviaalexis_
116,its_vlanermane,relevant_oficial
117,its_vlanermane,selector_vjay_kenya
118,its_vlanermane,sovereignsyde.ent
119,its_vlanermane,2hrs__blue_check__
120,its_vlanermane,sannyprincekenya
121,its_vlanermane,iamwescos
122,its_vlanermane,o.ri.naaa
123,its_vlanermane,_.waither_a
124,its_vlanermane,yvette_rw_12
125,its_vlanermane,_lamshey_black_
126,its_vlanermane,cho_ndojr
127,its_vlanermane,chrisjack1212
128,its_vlanermane,lilshaga_
129,its_vlanermane,maria_kidoti
130,its_vlanermane,mrock254
131,its_vlanermane,___mrs___sheriff___
132,its_vlanermane,_shanix_oxo
133,its_vlanermane,its.timan
134,its_vlanermane,lil_mjay__
135,its_vlanermane,_fay.mercy
136,its_vlanermane,naturespictureresquebeauty
137,its_vlanermane,johnsabuni
138,its_vlanermane,pretty__lil_goddess
139,its_vlanermane,bella_quezzy
140,its_vlanermane,nass9_jr
141,its_vlanermane,sheistilee
142,its_vlanermane,prin.cessarabella
143,its_vlanermane,its_lamborgani_offical
144,its_vlanermane,khamnamvictor
145,its_vlanermane,tegest21335678899
146,its_vlanermane,officielchirouba
147,its_vlanermane,youngin96st_gs9_youngsavage
148,its_vlanermane,cleo_chic_clothes
149,its_vlanermane,simplebwoy105
150,its_vlanermane,jefsayd
151,its_vlanermane,murimi320
152,its_vlanermane,hel_len453
153,its_vlanermane,young_drek3
154,its_vlanermane,musicborne
155,its_vlanermane,account_chiuso_forever_per_se
156,its_vlanermane,_peeplus
157,its_vlanermane,kenyan_cloud.papi
158,its_vlanermane,muhammet_ali_eray__07
159,its_vlanermane,berkbey74
160,its_vlanermane,joel_don_mc
161,its_vlanermane,katela._._
162,its_vlanermane,medula_graphics
163,its_vlanermane,_.flame._.chaser
164,its_vlanermane,itz_cashie22
165,its_vlanermane,ommy_capachino
166,its_vlanermane,dottie_apparel
167,its_vlanermane,vincilestarn
168,its_vlanermane,welingtonwilly
169,its_vlanermane,shanikcut06
170,its_vlanermane,christinasavage780
171,its_vlanermane,sly_boy_tz
172,its_vlanermane,thejavedkhan_backup
173,its_vlanermane,master._.murimi
174,its_vlanermane,benmonce204
175,its_vlanermane,missexcelinternational
176,its_vlanermane,skill___top
177,its_vlanermane,shamus_love
178,its_vlanermane,daso_lar
179,its_vlanermane,enoughofthegram
180,its_vlanermane,k33nonerasto
181,its_vlanermane,_deedonna
182,its_vlanermane,lisaluvbelle
183,its_vlanermane,nshimiye.olivier
184,its_vlanermane,_yourboywesley
185,its_vlanermane,oloo.__
186,its_vlanermane,grabb._
187,its_vlanermane,trenkobaby
188,its_vlanermane,rethabile7447
189,its_vlanermane,fitby_6996
190,its_vlanermane,renceyfamily
191,its_vlanermane,thandobria
192,its_vlanermane,geraldinneasl
193,its_vlanermane,chevi_masta
194,its_vlanermane,s.k.u.r.k.y
195,its_vlanermane,olawande_gold
196,its_vlanermane,abdutech_service
197,its_vlanermane,new_gucci_mane
198,its_vlanermane,tynoe_hunta21
199,its_vlanermane,repostme.zim
200,its_vlanermane,african_tulip_
201,its_vlanermane,saint_hunchice_
202,its_vlanermane,kenyan_cocoonkenya
203,its_vlanermane,mugishaemmy1
204,its_vlanermane,koconutman
205,its_vlanermane,chrisike_
206,its_vlanermane,s.t.r.e.e.t_model
207,its_vlanermane,sharmanirej700
208,its_vlanermane,mc_kmer_officiel_
209,its_vlanermane,elly_prince
210,its_vlanermane,m.b.g____
211,its_vlanermane,am_puff_official
212,its_vlanermane,ankit______badshah
213,its_vlanermane,im_makabi254
214,its_vlanermane,itzzjuzt_g
215,its_vlanermane,em.gee_
216,its_vlanermane,young_cali.x
217,its_vlanermane,bigboyted_
218,its_vlanermane,hadad_goodies
219,its_vlanermane,__b.e.a.u.t.i.e.s__
220,its_vlanermane,m.iddle__child
221,its_vlanermane,sejjo___rhymes
222,its_vlanermane,o_blovk
223,its_vlanermane,queen.domcollection
224,its_vlanermane,miss_n.g.a.r.e
225,its_vlanermane,cap__mar
226,its_vlanermane,berzimeeky
227,its_vlanermane,glitz__shop
228,its_vlanermane,nairobi_teen.s
229,its_vlanermane,delgra_ofc
230,its_vlanermane,__d.e.n.chu_
231,its_vlanermane,usafi.kilimotz
232,its_vlanermane,ovofuegooo
233,its_vlanermane,iamemmachike
234,its_vlanermane,lydiazonne
235,its_vlanermane,kc_queenlee
236,its_vlanermane,_carlos_cyrih09
237,its_vlanermane,iam_teddy_042
238,its_vlanermane,mhumble.ke
239,its_vlanermane,_nyambu_wanja
240,its_vlanermane,mr_r00dney
241,its_vlanermane,damaskenya
242,its_vlanermane,belal_shahbakhsh_
243,its_vlanermane,mustafa__a.b.d.u.l
244,its_vlanermane,peti_soul
245,its_vlanermane,_g.l.o.b.e.l.t.r.a.n_
246,its_vlanermane,kejji_couture_suits
247,its_vlanermane,limiere_243
248,its_vlanermane,the_saucy_kings_and_queens
249,its_vlanermane,didi.er__
250,its_vlanermane,valentony_ke
251,its_vlanermane,jenna_044
252,its_vlanermane,hoodie_hefner
253,its_vlanermane,teens_ig_256
254,its_vlanermane,iamhenrydc
255,its_vlanermane,gn_malcolm
256,its_vlanermane,semenyakamogelo966
257,its_vlanermane,chiamakachiaha
258,its_vlanermane,k.i.n.n_c.a._d.e
259,its_vlanermane,jemishan1
260,its_vlanermane,_socialitesnetwork
261,its_vlanermane,itswanjiku2021
262,its_vlanermane,harnx_official
263,its_vlanermane,gang.sanfason
264,its_vlanermane,ramitaoghaishi
265,its_vlanermane,iamswaie
266,its_vlanermane,ricanah_jill
267,its_vlanermane,queesonia
268,its_vlanermane,james__novak_fx
269,its_vlanermane,2bit_dexta
270,its_vlanermane,meniangador
271,its_vlanermane,sir_calton
272,its_vlanermane,mc_papiye
273,its_vlanermane,_urban.culture
274,its_vlanermane,ingcebo_mthembu
275,its_vlanermane,hipjop5
276,its_vlanermane,fifito_dafifa
277,its_vlanermane,purity.katanu
278,its_vlanermane,nax.vegas.illest
279,its_vlanermane,______.ciira
280,its_vlanermane,s_h_a_m_m_y
281,its_vlanermane,royaltykitara
282,its_vlanermane,habu_dorcas
283,its_vlanermane,lil_tarno
284,its_vlanermane,mark33333433
285,its_vlanermane,itsjasonbreezy
286,its_vlanermane,otn_tz
287,its_vlanermane,_.m.kuu._
288,its_vlanermane,officialmac_ig
289,its_vlanermane,sen_sei_wor_ld
290,its_vlanermane,b_d_z_03
291,its_vlanermane,jaredvoltage
292,its_vlanermane,_k.a.b.u.i_backup
293,its_vlanermane,miss_wanjey
294,its_vlanermane,home_klein01
295,its_vlanermane,jacki.kings
296,its_vlanermane,ephremconor
297,its_vlanermane,nuhstylish
298,its_vlanermane,illest_savo
299,its_vlanermane,_.gonzalos._
300,its_vlanermane,agulatabezi
301,its_vlanermane,emmyrheal___
302,its_vlanermane,gloria_wambui_.ke
303,its_vlanermane,mitchy_alma
304,its_vlanermane,urfavreemax
305,its_vlanermane,vodzymedia
306,its_vlanermane,ton_jr_711
307,its_vlanermane,_omondibruno
308,its_vlanermane,grit.dan
309,its_vlanermane,prince_jojo_off
310,its_vlanermane,m.e.r.u_f.i.n.e.s.t420
311,its_vlanermane,mushi_gyal_quen
312,its_vlanermane,iamthunder._
313,its_vlanermane,dady_first_kid
314,its_vlanermane,r_fa97
315,its_vlanermane,__dfw.jay
316,its_vlanermane,_pendo_3
317,its_vlanermane,michaelgram254
318,its_vlanermane,bhengu_wanda
319,its_vlanermane,_.anto_294
320,its_vlanermane,ellchuey
321,its_vlanermane,offic_alyuzzo
322,its_vlanermane,sardar0ji
323,its_vlanermane,disparekivitu
324,its_vlanermane,esthe_r4969
325,its_vlanermane,diamond_brand_wears
326,its_vlanermane,british.thug_
327,its_vlanermane,officialtskbarbershow
328,its_vlanermane,papa_gigi2
329,its_vlanermane,ad7.cr
330,its_vlanermane,revocatus_mario
331,its_vlanermane,iam_k3nzy
332,its_vlanermane,okushijeshii
333,its_vlanermane,i.fhame
334,its_vlanermane,zacksonabdulrehe
335,its_vlanermane,muthoni_kanini
336,its_vlanermane,iam_bwoymax
337,its_vlanermane,_.ednaofficial
338,its_vlanermane,the_african_maasai
339,its_vlanermane,justdiggle
340,its_vlanermane,sylvester_keys
341,its_vlanermane,dexy_kenya
342,its_vlanermane,ameto._.bwoy
343,its_vlanermane,shisha_acessories01
344,its_vlanermane,mkatuni5250
345,its_vlanermane,akinyigeorgine_
346,its_vlanermane,254asset
347,its_vlanermane,rofik_jah
348,its_vlanermane,_bobi.v
349,its_vlanermane,trapkid160
350,its_vlanermane,mexi_can_sau.c.e
351,its_vlanermane,wassy904
352,its_vlanermane,follower_following_follow
353,its_vlanermane,_zekam
354,its_vlanermane,farish_brown
355,its_vlanermane,rachidhadin
356,its_vlanermane,j.cole__98
357,its_vlanermane,me.ikaki
358,its_vlanermane,videdancer5642
359,its_vlanermane,soulforex9
360,its_vlanermane,shedy__d_m_x
361,its_vlanermane,__.boogie
362,its_vlanermane,keasy_kalifan_official
363,its_vlanermane,dengriak58
364,its_vlanermane,awittihh
365,its_vlanermane,sparta5933
366,its_vlanermane,talha_bae
367,its_vlanermane,dinken_jason
368,its_vlanermane,hotxfugde
369,its_vlanermane,_kenyan.bazu
370,its_vlanermane,sandile_fanele
371,its_vlanermane,academicwriting61
372,its_vlanermane,bayernsimply
373,its_vlanermane,inforcez_seth_99
374,its_vlanermane,isabella22399
375,its_vlanermane,lilchacalate
376,its_vlanermane,sk_bralatei
377,its_vlanermane,campuswifi
378,its_vlanermane,gontsegram_14
379,its_vlanermane,mann.e.king_media
380,its_vlanermane,baraza_snr
381,its_vlanermane,babu_abdun
382,its_vlanermane,shadrackmsindy
383,its_vlanermane,black_simplex
384,its_vlanermane,maureenmollel01
385,its_vlanermane,_o.men.o_makes.it_
386,its_vlanermane,territahtriza
387,its_vlanermane,elvismalung
388,its_vlanermane,claw_gage_33
389,its_vlanermane,neno_wattt
390,its_vlanermane,kidii.whizziyiiz
391,its_vlanermane,lilbaby2865
392,its_vlanermane,cute_but_crazy_003
393,its_vlanermane,dale.rsingh2929
394,its_vlanermane,itskatile
395,its_vlanermane,african_nathan
396,its_vlanermane,geminian_._
397,its_vlanermane,trulyrude_boy
398,its_vlanermane,_roddy_999
399,its_vlanermane,mr.snoop_y
400,its_vlanermane,siebenlo_magh
401,its_vlanermane,eddie_ochiel
402,its_vlanermane,belcy_collections
403,its_vlanermane,stephaniemwikali
404,its_vlanermane,njoki_amos
405,its_vlanermane,raiderjupiterz1
406,its_vlanermane,tjaymalone
407,its_vlanermane,brightley_salt
408,its_vlanermane,ushirika___niccur
409,its_vlanermane,trizziecrush
410,its_vlanermane,thee_carrels
411,its_vlanermane,pantryjars254
412,its_vlanermane,davidkipnyango
413,its_vlanermane,_.teraa._.991
414,its_vlanermane,mr__smart__boy__kanna
415,its_vlanermane,kenyan_carbon
416,its_vlanermane,grace_gh24
417,its_vlanermane,_mell.ow
418,its_vlanermane,maqombe
419,its_vlanermane,_vishal_rajani
420,its_vlanermane,rsaulfernandez
421,its_vlanermane,scarcleor
422,its_vlanermane,__.5k.fans.foryou__233
423,its_vlanermane,samsaqlain2020
424,its_vlanermane,naivashaicon
425,its_vlanermane,_ryleighb
426,its_vlanermane,hesbonhesy
427,its_vlanermane,oceanflowrsa
428,its_vlanermane,yashou_officiel_
429,its_vlanermane,vineetaleckoboy
430,its_vlanermane,a.n.i.t.t.a_606
431,its_vlanermane,reagan_kalisto
432,its_vlanermane,annecharlotteelly
433,its_vlanermane,nje.ri_021
434,its_vlanermane,lynoroiyo2
435,its_vlanermane,katehohnson522
436,its_vlanermane,the_maa.king
437,its_vlanermane,lispertone
438,its_vlanermane,lieytmusic
439,its_vlanermane,_m_a_s_i_l_a_
440,its_vlanermane,idagatchyou
441,its_vlanermane,onewaykenya
442,its_vlanermane,blessed_major
443,its_vlanermane,call_me_toxic_niccur
444,its_vlanermane,dannyclassic_
445,its_vlanermane,dj_boss254_the_pioneer
446,its_vlanermane,martial_tz
447,its_vlanermane,coolest_king05
448,its_vlanermane,wangari____nuru
449,its_vlanermane,handsome_destroyer
450,its_vlanermane,malikov._.63
451,its_vlanermane,davidmuteru
452,its_vlanermane,gregnashon
453,its_vlanermane,kiyazemssee
454,its_vlanermane,shivambairagi_lahabsia
455,its_vlanermane,all_rp_kind
456,its_vlanermane,calexvalle
457,its_vlanermane,ghetto_jones3
458,its_vlanermane,___n.i.c.k.y
459,its_vlanermane,maresso_kevo
460,its_vlanermane,zadanuntame
461,its_vlanermane,reggal_vido
462,its_vlanermane,bigwigmwitu
463,its_vlanermane,elbrujo666monte
464,its_vlanermane,__.5k.fans.foryou__188
465,its_vlanermane,gulsher8933
466,its_vlanermane,mc_samuel250
467,its_vlanermane,kid_fofo_official
468,its_vlanermane,muntathir18
469,its_vlanermane,maandazmaandaz
470,its_vlanermane,gitonga.gee
471,its_vlanermane,_w_a.n.j.a
472,its_vlanermane,queenherselff
473,its_vlanermane,toxic.breaker.9
474,its_vlanermane,shee_coco
475,its_vlanermane,___marley_2.5.4
476,its_vlanermane,miss_empress01
477,its_vlanermane,mr_aaryan76
478,its_vlanermane,celeb_on_gram
479,its_vlanermane,fems.shoes
480,its_vlanermane,patriacq_misty
481,its_vlanermane,l.i.t.o.z
482,its_vlanermane,blust_dance_family
483,its_vlanermane,mon_stergun
484,its_vlanermane,king_luwi_14
485,its_vlanermane,21trikker
486,its_vlanermane,singhvarun58159
487,its_vlanermane,ashleestacey65
488,its_vlanermane,magariautomasi
489,its_vlanermane,sportshub1886
490,its_vlanermane,briantashd
491,its_vlanermane,_m.b.e.l.e
492,its_vlanermane,mlaguzi95
493,its_vlanermane,kejoh_taiga
494,its_vlanermane,___its_mark___
495,its_vlanermane,kenyan._.savage
496,its_vlanermane,itz.ur.bae.zay
497,its_vlanermane,marley_blake_
498,its_vlanermane,rohitthakor3471
499,its_vlanermane,erisasinclair
500,its_vlanermane,tonix_masinde
501,its_vlanermane,star.boy_guru
502,its_vlanermane,ammar_baba20
503,its_vlanermane,_thee_golden_chic
504,its_vlanermane,drizzdasinga
505,its_vlanermane,kadeshbasha
506,its_vlanermane,ass_.bird
507,its_vlanermane,fuelconcepts
508,its_vlanermane,_she_is_wambui
509,its_vlanermane,its._eddie_
510,its_vlanermane,ankit.kalathiya.56
511,its_vlanermane,_abed.17
512,its_vlanermane,yorke_thrifts
513,its_vlanermane,olive_makinia
514,its_vlanermane,lam_henry_wiz
515,its_vlanermane,huzang_254
516,its_vlanermane,nancy_otwani
517,its_vlanermane,ndegwa_bryan
518,its_vlanermane,sidhdeshvrkhraat
519,its_vlanermane,two_sixloss
520,its_vlanermane,allen.the.kid
521,its_vlanermane,_c.o.s.m.a.s
522,its_vlanermane,tama.354
523,its_vlanermane,bro.lyne_
524,its_vlanermane,______shayne______
525,its_vlanermane,stellakalhu
526,its_vlanermane,m._ikki._
527,its_vlanermane,crow_nyrock
528,its_vlanermane,bickoh
529,its_vlanermane,cool_.too
530,its_vlanermane,designer_moswat
531,its_vlanermane,kaseeglobal29thriftshop
532,its_vlanermane,sirmabwoo_8fs
533,its_vlanermane,pepsin.ke
534,its_vlanermane,jess_john_tk
535,its_vlanermane,marcus.allison.543792
536,its_vlanermane,official.bamy
537,its_vlanermane,_wa.hinya_._
538,its_vlanermane,briangathura18
539,its_vlanermane,wahitomaryann21
540,its_vlanermane,abudho2
541,its_vlanermane,steven_gn9001
542,its_vlanermane,ronnie.nasty
543,its_vlanermane,mega_goldensoul
544,its_vlanermane,juniio_gh
545,its_vlanermane,swaggy.aara
546,its_vlanermane,followmepls417
547,its_vlanermane,castiekrishna
548,its_vlanermane,kennie.yolo.g
549,its_vlanermane,_morris_moses
550,its_vlanermane,shiko_mumbi_
551,its_vlanermane,rdrey8
552,its_vlanermane,ballermorgan_official
553,its_vlanermane,gloria_wambui_
554,its_vlanermane,mickeysichali
555,its_vlanermane,lionsempire__
556,its_vlanermane,andresujimar
557,its_vlanermane,joseqayub
558,its_vlanermane,alimuhamad110
559,its_vlanermane,moseh_mkenya
560,its_vlanermane,galeas_vidal
561,its_vlanermane,humbly_mendoza
562,its_vlanermane,nairobian_icons
563,its_vlanermane,jeffrey5014noel
564,its_vlanermane,_its.triplod._
565,its_vlanermane,head.master.60
566,its_vlanermane,____elias._
567,its_vlanermane,etown_.thug
568,its_vlanermane,__.bura
569,its_vlanermane,master_gym66
570,its_vlanermane,la_saffron_naturals
571,its_vlanermane,_young_popsmoke
572,its_vlanermane,t.y.l.e.r_r.o.s.y
573,its_vlanermane,ty.mina.hh
574,its_vlanermane,jst.bryn
575,its_vlanermane,ndlovuthabisle
576,its_vlanermane,yung_jaybahd
577,its_vlanermane,junevillarangose
578,its_vlanermane,realest.finest.niccur
579,its_vlanermane,_wa.yne__
580,its_vlanermane,maqbul_vlogs
581,its_vlanermane,same_old_cindy
582,its_vlanermane,dreaminroro
583,its_vlanermane,koushquesmurf
584,its_vlanermane,x_huntter_
585,its_vlanermane,leghitbaby
586,its_vlanermane,otienomando199546
587,its_vlanermane,denisomuya
588,its_vlanermane,ncxmaryam
589,its_vlanermane,ronpsy1
590,its_vlanermane,ke_urban
591,its_vlanermane,maria_nyambs
592,its_vlanermane,chiomas_placeinc
593,its_vlanermane,felistah__daniella
594,its_vlanermane,lafy.ette
595,its_vlanermane,ian_brandy
596,its_vlanermane,merryll7
597,its_vlanermane,she_memry
598,its_vlanermane,umbrosia_zari
599,its_vlanermane,autry_busta
600,its_vlanermane,bazu_wa.mtaa
601,its_vlanermane,wycliffeomondi_
602,its_vlanermane,johntez_johnte
603,its_vlanermane,itz.alo_0
604,its_vlanermane,lowki__stepper
605,its_vlanermane,633_iman
606,its_vlanermane,rhendyed
607,its_vlanermane,shop.heaven420.710
608,its_vlanermane,galvinriziki
609,its_vlanermane,i_am_carolle
610,its_vlanermane,jashuamajor
611,its_vlanermane,pierre_yogi8
612,its_vlanermane,zephan215
613,its_vlanermane,mboibeddings
614,its_vlanermane,_s_moke
615,its_vlanermane,jossygaichiuemail.com_
616,its_vlanermane,lanlapoza
617,its_vlanermane,daran9549
618,its_vlanermane,trap_kid_j_b
619,its_vlanermane,dfw_golicha254
620,its_vlanermane,booker_calvin86
621,its_vlanermane,josvaleri
622,its_vlanermane,tia_ahmod
623,its_vlanermane,lianamakayla
624,its_vlanermane,dazzline2
625,its_vlanermane,abdourahim821
626,its_vlanermane,wizchrisx19
627,its_vlanermane,_kenyan_b.l.o.b
628,its_vlanermane,editdallas6
629,its_vlanermane,niite_sammie
630,its_vlanermane,affordable_jewellery.nairobi
631,its_vlanermane,carypuni
632,its_vlanermane,kings.ley384
633,its_vlanermane,a.kimararungu
634,its_vlanermane,niyo__emmy
635,its_vlanermane,sabu_raty
636,its_vlanermane,brintto.peruzzi
637,its_vlanermane,machwati_the_actor
638,its_vlanermane,terry.1091
639,its_vlanermane,billofficia1
640,its_vlanermane,giz_giz254
641,its_vlanermane,jenny_fania1
642,its_vlanermane,itzivanie35
643,its_vlanermane,carrenny7
644,its_vlanermane,hommie.cocoon
645,its_vlanermane,yourgirl.letema
646,its_vlanermane,s.y.m.o_ke
647,its_vlanermane,manumat2
648,its_vlanermane,kilualilian
649,its_vlanermane,dr_._sun
650,its_vlanermane,jonnyrobledoelmanager
651,its_vlanermane,young_khida250
652,its_vlanermane,buaful.girbo
653,its_vlanermane,young_o.t.m
0,harshraj9926,andy.lopez46
1,harshraj9926,pooja_singh__rajpoot
2,harshraj9926,harikesh1185
3,harshraj9926,its__ayan__360
4,harshraj9926,rajesh_lodhi7425
5,harshraj9926,official_sing.h_12
6,harshraj9926,sanni.rawat
7,harshraj9926,gaurav.upadhyay.52643821
8,harshraj9926,shaguftaansari83
9,harshraj9926,paid_dipikasohni
10,harshraj9926,kashishn9
11,harshraj9926,rahul.r.o.c.k
12,harshraj9926,deepak_dularua_
13,harshraj9926,rahaman3242
14,harshraj9926,sonu4768raj
15,harshraj9926,nik_03_chauhan
16,harshraj9926,sharma_harsh_18
17,harshraj9926,kashishnursery
18,harshraj9926,2506.ankit
19,harshraj9926,jitendar.gujjar.526
20,harshraj9926,kashiah_nursary
21,harshraj9926,daniyyalkhan
22,harshraj9926,ajab__awana
23,harshraj9926,asik12900
24,harshraj9926,yramkyash
25,harshraj9926,aadilbhai78
26,harshraj9926,professionalprocastinatorr
27,harshraj9926,sanil_asari
28,harshraj9926,__vanshika.23__
29,harshraj9926,kasana8224
30,harshraj9926,anmolkumar9863
31,harshraj9926,iamdinukumar
32,harshraj9926,rupeshraj4566
33,harshraj9926,krishnamehand_noidasec104
34,harshraj9926,suryavanshi3228
35,harshraj9926,pinkarani889
36,harshraj9926,sunnys5061
37,harshraj9926,kk989835
38,harshraj9926,tushartalan01
39,harshraj9926,shubhamgupta5378
40,harshraj9926,sagar.kasana.1612
41,harshraj9926,anamikagupta7667
42,harshraj9926,ch_jeet_tanwar
43,harshraj9926,bhaveshkumar445
44,harshraj9926,aman_kumar01100001
45,harshraj9926,vivekfirebird
46,harshraj9926,monuchaprana42
47,harshraj9926,abhi.shekkumar220
48,harshraj9926,arnab_das64
49,harshraj9926,ronakyadav575
50,harshraj9926,priyanshutawar
51,harshraj9926,rairoy455
52,harshraj9926,yogesh.bhati.9849912
53,harshraj9926,saditisingh1999
54,harshraj9926,noobhamid9
55,harshraj9926,roshank9932
56,harshraj9926,badnaam_tea_stall
57,harshraj9926,aiims_paramedico
58,harshraj9926,anujshukla705
59,harshraj9926,official_adi_tawar
60,harshraj9926,talan3622
61,harshraj9926,anantbhati35
62,harshraj9926,upsc_mains_answers_
63,harshraj9926,munna184u
64,harshraj9926,rambabukuma90
65,harshraj9926,rambabukumarmadho844120
66,harshraj9926,anuragpandit909
67,harshraj9926,love_life_1250
68,harshraj9926,nitintawartawar42
69,harshraj9926,gakumar1557
70,harshraj9926,gurjar_nishant_awana
71,harshraj9926,lalan.chaudhary.5055
72,harshraj9926,i.m_ranjeet
73,harshraj9926,ashishraj7582
74,harshraj9926,_the_secret_of_life__
75,harshraj9926,khushimaurya03
76,harshraj9926,caseearn.co
77,harshraj9926,tanwarjeet93
78,harshraj9926,jo_jo_sharma
79,harshraj9926,ananya_sh_212
80,harshraj9926,kasana8647
81,harshraj9926,sonam_jaiswal96
82,harshraj9926,bhatt_ridhi
83,harshraj9926,spermsnaughty_
84,harshraj9926,kkhushhh3
85,harshraj9926,ruchikajaiswal21
86,harshraj9926,vis_choudhary
87,harshraj9926,rainbow_shiffy
88,harshraj9926,guptasanjanaamit
89,harshraj9926,_ashish.rana_
90,harshraj9926,tawar1870
91,harshraj9926,im_ravi_rajpu
92,harshraj9926,fazal_azaz
93,harshraj9926,vanshbidhudi333
94,harshraj9926,chandansinghsinghniya
95,harshraj9926,sandeep.1403
96,harshraj9926,nishu.bardos
97,harshraj9926,hritik_roshan_fc007
98,harshraj9926,manish_tawar_
99,harshraj9926,craftech_00
100,harshraj9926,nishu_bardos
101,harshraj9926,ishika_bhatnagar0301
102,harshraj9926,bhumika_singh_12
103,harshraj9926,kasana__0007
104,harshraj9926,aryan_8178_
105,harshraj9926,jyoti__pal0206
106,harshraj9926,varunr0007
107,harshraj9926,lil_classy19
108,harshraj9926,vk911504
109,harshraj9926,__v__kas__00___7
110,harshraj9926,girlwithanosering__08
111,harshraj9926,nambardar_sushil_pandit
112,harshraj9926,dishadas_2028
113,harshraj9926,harman.singh920
114,harshraj9926,sanjana.varshney.982
115,harshraj9926,noidakamarket
116,harshraj9926,volleyballworldlife
117,harshraj9926,_pro_thakur
118,harshraj9926,aniketchaprana001
119,harshraj9926,punjabi__models_ak47
120,harshraj9926,satyamsingh7537
121,harshraj9926,enigma_pk
122,harshraj9926,jass53070
123,harshraj9926,abhi.shek8223
124,harshraj9926,ranjeetraj3990
125,harshraj9926,pawan_yaduvansi1
126,harshraj9926,ram_bhakti7
127,harshraj9926,karan__mahapatra__
128,harshraj9926,sandeep_kasana6909
129,harshraj9926,lalbabu7074
130,harshraj9926,haal_e_rooh
131,harshraj9926,czone_blogs
132,harshraj9926,ashutosh31185271
133,harshraj9926,anurag_7541
134,harshraj9926,siddhant1619
135,harshraj9926,aamirpathankhan
136,harshraj9926,rahul_mayankbisht
137,harshraj9926,ruchibamaniya
138,harshraj9926,vijayjha31
139,harshraj9926,anii_0999
140,harshraj9926,rambabu3035
141,harshraj9926,stylist617
142,harshraj9926,bhatnadeem08
143,harshraj9926,priya._.shubhi
144,harshraj9926,ektayadav0698
145,harshraj9926,yash.upadhyay.5243
146,harshraj9926,satendra2822
147,harshraj9926,anuragkumar99470
148,harshraj9926,raushanyd51
149,harshraj9926,popli_hookah_shop
150,harshraj9926,sachingupta499
151,harshraj9926,hoookahadda
152,harshraj9926,_mis_prachi_
153,harshraj9926,irkhan7956
154,harshraj9926,shubhamsin006
155,harshraj9926,__aakanshaa__
156,harshraj9926,ramanand__kumar
157,harshraj9926,ramanandkumar0
158,harshraj9926,chandan_kumar820
159,harshraj9926,cristiano_ronaldo4396
160,harshraj9926,amyra_2508
161,harshraj9926,khushirajchouhan
162,harshraj9926,singhania_ajeet
163,harshraj9926,ishtiyak_qamar
164,harshraj9926,hinanshuraj
165,harshraj9926,gargscraftygallery
166,harshraj9926,pintu_mahto_307
167,harshraj9926,amangoswami14
168,harshraj9926,shankey366
169,harshraj9926,ranavikram.mzp
170,harshraj9926,bhanusingh005
171,harshraj9926,bobby.chauhan.2002
172,harshraj9926,reha_ansari_
173,harshraj9926,rohit_kumar_singh_vines
174,harshraj9926,quads1.0
175,harshraj9926,amit4775sharma
176,harshraj9926,nimisha866
177,harshraj9926,piyushpant117
178,harshraj9926,dhingraaddy
179,harshraj9926,garg_harshika
180,harshraj9926,rani0621singh
181,harshraj9926,rish.singh7777
182,harshraj9926,mizaz_e_dil
183,harshraj9926,prince_raj545
184,harshraj9926,susantchoudhary110
185,harshraj9926,shru_1014
186,harshraj9926,ashutoshrajput9009
187,harshraj9926,mohitkasana4061
188,harshraj9926,yashpal_awana
189,harshraj9926,pintu595
190,harshraj9926,ajit.kant.96
191,harshraj9926,98.97331914
192,harshraj9926,pdia697
193,harshraj9926,pushpa7377
194,harshraj9926,nit3430
195,harshraj9926,anand_vikram01
196,harshraj9926,prithivechauhan
197,harshraj9926,nitishkumard12
198,harshraj9926,rajharsh3013
199,harshraj9926,ashu9009rajput
200,harshraj9926,rohankataria231
201,harshraj9926,ashish.dhingra.9
202,harshraj9926,rajasingh9576
203,harshraj9926,satyamsingh2254
204,harshraj9926,vivekkumarroy29
205,harshraj9926,nikhilrajput6742
206,harshraj9926,rajawat7037
207,harshraj9926,mayankagrawal2958
208,harshraj9926,deepaksingh7432
209,harshraj9926,ehsanansari778866
210,harshraj9926,high.profile.01
211,harshraj9926,aditya_roman_empire
212,harshraj9926,rajsunny525
213,harshraj9926,utsav4937
214,harshraj9926,adammdoe3885
215,harshraj9926,choudhrykasana5253
216,harshraj9926,deva_king9514
217,harshraj9926,harsh_bhati_123
218,harshraj9926,parag_770
219,harshraj9926,shivamsingh264742
220,harshraj9926,whomelyindia
221,harshraj9926,shivamsingh4246
222,harshraj9926,tandon3198
223,harshraj9926,jvmnitin
224,harshraj9926,devraj9152
225,harshraj9926,ashutosh6492
226,harshraj9926,rajshivam624
227,harshraj9926,nambardartanujgurjar
228,harshraj9926,saheb4943
229,harshraj9926,ranaaneesh6065
230,harshraj9926,kha.ahmadi
231,harshraj9926,suman7190
232,harshraj9926,princehashmi221
233,harshraj9926,jhaprince_432
234,harshraj9926,amanrajchaudhary
235,harshraj9926,official_naveen_kr_singh
236,harshraj9926,vikashprasadsingh
237,harshraj9926,bipinkumar9907
238,harshraj9926,kush0000123
239,harshraj9926,satyam_singh_rajput453
240,harshraj9926,jishukumar123456
241,harshraj9926,anuj_kishor_suman
242,harshraj9926,dinukray4
243,harshraj9926,rajawat.aryan
244,harshraj9926,himanshahi
245,harshraj9926,nikku_1929
246,harshraj9926,ck6200483
247,harshraj9926,deepakgupta2201
248,harshraj9926,preet1060
249,harshraj9926,jishan8013
250,harshraj9926,mithun_yadav_boy
251,harshraj9926,insaneamulya
252,harshraj9926,hoh6096
253,harshraj9926,shashika_10
254,harshraj9926,satyapalrana
255,harshraj9926,sunnysingsingham
256,harshraj9926,princeniketan
257,harshraj9926,sumit9651
258,harshraj9926,vishnu_8981
0,rose_tluangi,neeraj_0848
1,rose_tluangi,elcin_soyzaliyev
2,rose_tluangi,snehahh3541
3,rose_tluangi,1min2rap_gospel
4,rose_tluangi,ninuca_kvaliashvili
5,rose_tluangi,dailyrells
6,rose_tluangi,ci_ya_no_touthang
7,rose_tluangi,aakimhaokip
8,rose_tluangi,k.sgangt
9,rose_tluangi,leee___lyyyyyy
10,rose_tluangi,jasdeep_singh5590
11,rose_tluangi,ms.miyaa
12,rose_tluangi,tasoyos581
13,rose_tluangi,rajput_krishna_82
14,rose_tluangi,pubg_lover_msa
15,rose_tluangi,bijal_desai__07
16,rose_tluangi,attitude11548
17,rose_tluangi,ashoksharma4552
18,rose_tluangi,rgu_shinde
19,rose_tluangi,cxsamer
20,rose_tluangi,reels00011
21,rose_tluangi,anuska_giri__
22,rose_tluangi,mahe_k9777
23,rose_tluangi,kalaji5304
24,rose_tluangi,kumarraju226
25,rose_tluangi,roshanjha1748
26,rose_tluangi,sunnysh281
27,rose_tluangi,sachin_xxi_096
28,rose_tluangi,williamzjr.eric
29,rose_tluangi,viratkohli20007
30,rose_tluangi,badruddin610
31,rose_tluangi,amana8902
32,rose_tluangi,moin_shah_6433
33,rose_tluangi,rashmikamandhnafan
34,rose_tluangi,sumane6142
35,rose_tluangi,dratoutesante
36,rose_tluangi,dogs_and_cats4567
37,rose_tluangi,pablo.iniguez_
38,rose_tluangi,cat_love_lover
39,rose_tluangi,beachxonthe
40,rose_tluangi,ary.an2067
41,rose_tluangi,josueperez1306
42,rose_tluangi,samsameer3169
43,rose_tluangi,shah.676
44,rose_tluangi,jhandu909
45,rose_tluangi,rencharchannel
46,rose_tluangi,khwsr407
47,rose_tluangi,mr.pavan_rathod_
48,rose_tluangi,kosaras222
49,rose_tluangi,uday.fuck
50,rose_tluangi,a_r_m_a_y9
51,rose_tluangi,dheerajgujjar968
52,rose_tluangi,manann374
53,rose_tluangi,hondanorth_services
54,rose_tluangi,kfilipiak190
55,rose_tluangi,lapushka1509
56,rose_tluangi,sebaniew
57,rose_tluangi,l.fotheringham1
58,rose_tluangi,78ij1awcqarx
59,rose_tluangi,darklapinou1
60,rose_tluangi,y76b63f663x
61,rose_tluangi,ceristar123
62,rose_tluangi,tiago.thamuz
63,rose_tluangi,tishabrown_rn
64,rose_tluangi,marcybinky812
65,rose_tluangi,nick.bain11
66,rose_tluangi,karfrei83
67,rose_tluangi,krheadbolt
68,rose_tluangi,charmbody1
69,rose_tluangi,baleekumar.nagpure
70,rose_tluangi,jagprana_2006
71,rose_tluangi,hardikdedhia1993
72,rose_tluangi,jordanbatey2014
73,rose_tluangi,dgarretthope
74,rose_tluangi,gonzaloyermo
75,rose_tluangi,wynterandsprit
76,rose_tluangi,sa_smirnov59
77,rose_tluangi,nervousandnew
78,rose_tluangi,cmjys2009
79,rose_tluangi,eudes.sonia
80,rose_tluangi,happy2u408
81,rose_tluangi,scartar20
82,rose_tluangi,davidshui1
83,rose_tluangi,ljfinch21
84,rose_tluangi,ramon.dyzman
85,rose_tluangi,lgdeinani
86,rose_tluangi,alena88m3lav
87,rose_tluangi,ebani728
88,rose_tluangi,yutubemax
89,rose_tluangi,atd_kz
90,rose_tluangi,qnguyen41
91,rose_tluangi,moneymoney875_
92,rose_tluangi,paula_vanessabevilaqua
93,rose_tluangi,mn0131jp
94,rose_tluangi,vitorianneclapero
95,rose_tluangi,nik056789
96,rose_tluangi,italplby19
97,rose_tluangi,alex.tinnikov
98,rose_tluangi,tymonroz
99,rose_tluangi,tovercash66
100,rose_tluangi,mysoulstrueface
101,rose_tluangi,thangjamjoyson
102,rose_tluangi,adribokma
103,rose_tluangi,mongojerry_2
104,rose_tluangi,ritz.flafla
105,rose_tluangi,thakur_the_superstar
106,rose_tluangi,kindabai9393gmail.com5
107,rose_tluangi,lovecatslikethis223
108,rose_tluangi,dreamsof_classy
109,rose_tluangi,photographer_sabya
110,rose_tluangi,al____8260
111,rose_tluangi,cookingneighbor
112,rose_tluangi,gillian.marie.baker
113,rose_tluangi,scdocol
114,rose_tluangi,jenesish.molsoi
115,rose_tluangi,stephanie.o.jones
116,rose_tluangi,mr.shayar_khatik
117,rose_tluangi,ravi.anchal.524
118,rose_tluangi,game_r6701
119,rose_tluangi,mafia_boy_8450
120,rose_tluangi,angelverma001
121,rose_tluangi,manzaramdansamsun
122,rose_tluangi,top_sneakers0_0
123,rose_tluangi,_official_sairish_
124,rose_tluangi,abdul_kareem_07dz
125,rose_tluangi,only1_klemfanpage
126,rose_tluangi,abdelrhman_11zsc
127,rose_tluangi,aw653527
128,rose_tluangi,_itzz_lucky_king_
129,rose_tluangi,thhala_shashi_7
130,rose_tluangi,mirnahln_
131,rose_tluangi,zwk57777
132,rose_tluangi,parisbag3
133,rose_tluangi,official_____prefect___smoker
134,rose_tluangi,mohamedriyad904
135,rose_tluangi,riya_khan__99
136,rose_tluangi,home_cat_lover0
137,rose_tluangi,kelya46124
138,rose_tluangi,istanbullu9249
139,rose_tluangi,abbasnasir17
140,rose_tluangi,albaa_je
141,rose_tluangi,nyanian6
142,rose_tluangi,jacob_songate
143,rose_tluangi,officialmanigill013
144,rose_tluangi,gill.saab.754
145,rose_tluangi,maggie_sonboi
146,rose_tluangi,mohdhussain7919
147,rose_tluangi,richardhguite
148,rose_tluangi,esriram_6279
149,rose_tluangi,rahul_jazz_5957
150,rose_tluangi,yayrgvyth
151,rose_tluangi,amir_ali_2_18
152,rose_tluangi,salai_the_crazy_lead
153,rose_tluangi,thangminlal_touthang
154,rose_tluangi,ronansumer
155,rose_tluangi,nasias5
156,rose_tluangi,elvesxote
157,rose_tluangi,emmanuelshakum
158,rose_tluangi,mekaveli_khual
159,rose_tluangi,betsybuongpui
160,rose_tluangi,elramneivar
161,rose_tluangi,_k_i_n_g__w_i_z_
162,rose_tluangi,tenzinl1234
163,rose_tluangi,chung_tharrr
164,rose_tluangi,journey.of.jesus
165,rose_tluangi,ksanbors
166,rose_tluangi,dawan_leo_808
167,rose_tluangi,k_martin_d_
168,rose_tluangi,kharsyntiewsimon
169,rose_tluangi,maegibo236
170,rose_tluangi,ialam_lynti_buam
171,rose_tluangi,mlee_tuolor
172,rose_tluangi,_kamrul_28
173,rose_tluangi,li_gunda_hmelsinu_
174,rose_tluangi,crzkndrck
175,rose_tluangi,chawnglienkung_
176,rose_tluangi,dimapur_onlinestore
177,rose_tluangi,lamarez_rebais_
178,rose_tluangi,lalneivar1
179,rose_tluangi,laskar__azhar
180,rose_tluangi,meyuan_mel_ri_ba
181,rose_tluangi,jesus_the_lightt
182,rose_tluangi,__james.tuolor__
183,rose_tluangi,kyls_void
184,rose_tluangi,reebokmarz
185,rose_tluangi,g_mangku_mang_4
186,rose_tluangi,knotti_sinate
187,rose_tluangi,imam_mahdii_313eng
188,rose_tluangi,i_b_l_a_m_e__p_y_n____.ig
189,rose_tluangi,k_kevin__merhieso
190,rose_tluangi,therealumdor
191,rose_tluangi,iyi_ertugrulghzi
192,rose_tluangi,sohkhletksanbor
193,rose_tluangi,sking747
194,rose_tluangi,imsuwatilkr
195,rose_tluangi,brandlalneivar
196,rose_tluangi,bertkipz
197,rose_tluangi,pcchakma
198,rose_tluangi,kaumamang
199,rose_tluangi,lalhmu_infimate
200,rose_tluangi,renp4257
201,rose_tluangi,bikash.subba16mayangbooo
202,rose_tluangi,suhan.lxr
203,rose_tluangi,stainly_shokholen_baite
204,rose_tluangi,josejojin
205,rose_tluangi,rioksyntiew
206,rose_tluangi,nicovelezlyngs
207,rose_tluangi,dasrupok24
208,rose_tluangi,lenjahao
209,rose_tluangi,anasroysa
210,rose_tluangi,kimhyun751
211,rose_tluangi,chutia536
212,rose_tluangi,hmel_c_pa_10
213,rose_tluangi,sahilunknown123
214,rose_tluangi,lalringtlu
215,rose_tluangi,nei_stone
216,rose_tluangi,sa.kib629
217,rose_tluangi,abhinashkumar2668
218,rose_tluangi,jsnavcaja
219,rose_tluangi,gibzzhrangchal
220,rose_tluangi,amrinder.khehra.370
221,rose_tluangi,village_insta_
222,rose_tluangi,ohi_tera_yaar_6546
223,rose_tluangi,nasser907
224,rose_tluangi,ringsete
225,rose_tluangi,lakhanbareya
226,rose_tluangi,ashukhansaahib
227,rose_tluangi,elis.mawijoute
228,rose_tluangi,gautammaurya5
229,rose_tluangi,gurdeep6464
230,rose_tluangi,shadabansari9467
231,rose_tluangi,mosesjoute
232,rose_tluangi,parawej_roy
233,rose_tluangi,nawab_owais_sheikh
234,rose_tluangi,raj97081
235,rose_tluangi,jlalditlien
236,rose_tluangi,sa_hi_n_07
237,rose_tluangi,barleraju
238,rose_tluangi,qureshi152
239,rose_tluangi,kuldeep.kumar356
240,rose_tluangi,henrysanate
241,rose_tluangi,paulpuroulte
242,rose_tluangi,mawitesanate
243,rose_tluangi,ab.hishek3153
244,rose_tluangi,jaygiri.goswami.18
245,rose_tluangi,ruthlalparvul
246,rose_tluangi,gobindo8510
247,rose_tluangi,hruaia.khiangte
248,rose_tluangi,wwwkamalhussain434
249,rose_tluangi,mahir_104
250,rose_tluangi,s.mercysun
251,rose_tluangi,psyco_lost_zote
252,rose_tluangi,bablu_chundawat
253,rose_tluangi,veer_dhanka
254,rose_tluangi,talibmichale
255,rose_tluangi,immanuel_thiek
256,rose_tluangi,pikufddt
257,rose_tluangi,fofana3766
258,rose_tluangi,shanpha_munham
259,rose_tluangi,mohitsingh7889754827
260,rose_tluangi,vanlalmoun
261,rose_tluangi,dilfek.aashiq
262,rose_tluangi,david_the_ns_rider
263,rose_tluangi,fozunkhan34831
264,rose_tluangi,mohseemmohseem
265,rose_tluangi,kidan____
266,rose_tluangi,rahul_jaat_420
267,rose_tluangi,lalremkhomhekte
268,rose_tluangi,suvo3594
269,rose_tluangi,akl.mi
270,rose_tluangi,jahid4726
271,rose_tluangi,anilak1111
272,rose_tluangi,shiva_the__king
273,rose_tluangi,karimkhan_09
274,rose_tluangi,suhail.lone.5209
275,rose_tluangi,tauheed8857
276,rose_tluangi,ratan.ghosh.52459615
277,rose_tluangi,rehan.rehankhan.50596
278,rose_tluangi,khums_khawbung
279,rose_tluangi,isaaklfaihriem
280,rose_tluangi,rutu7437
281,rose_tluangi,rraajjuurajput
282,rose_tluangi,7317372318.fk
283,rose_tluangi,shaban.shaikh.7127
284,rose_tluangi,kotharb
285,rose_tluangi,mike_infimate
286,rose_tluangi,adil_khan_dk
287,rose_tluangi,kamil_ansari_loverz
288,rose_tluangi,love_u_shona_aashu
289,rose_tluangi,alom1071
290,rose_tluangi,chhakchhuakjohn
291,rose_tluangi,prncrafique
292,rose_tluangi,zsrindzaga
293,rose_tluangi,i_am_raj_888
294,rose_tluangi,mdmdallnawj
295,rose_tluangi,moshan7651
296,rose_tluangi,santoshbhatta9815
297,rose_tluangi,puii_chhakchhuak67
298,rose_tluangi,zaidshaikh4107
299,rose_tluangi,suraj.debbarma.37
300,rose_tluangi,hpangamte
301,rose_tluangi,heartless__mahfuj
302,rose_tluangi,akhil3434
303,rose_tluangi,mohd_jawed_7609
304,rose_tluangi,rwirub_baro
305,rose_tluangi,saifbhai_q43
306,rose_tluangi,yadav_sidhartha
307,rose_tluangi,dilbarmazumder
308,rose_tluangi,jajnurkhan
309,rose_tluangi,razahussain8784
310,rose_tluangi,mr_rizwan__king
311,rose_tluangi,jacky.king.7509
312,rose_tluangi,zayzes.r
313,rose_tluangi,manishraj8956
314,rose_tluangi,supreetrai0123
315,rose_tluangi,askkhan8855
316,rose_tluangi,dashartta_singh_rajput
317,rose_tluangi,harshafollowers
318,rose_tluangi,saifi9344
319,rose_tluangi,imran78khan
320,rose_tluangi,nishad.prabhat
321,rose_tluangi,rajesh7773kumar
322,rose_tluangi,jinfimate
323,rose_tluangi,mujakkirali8123
324,rose_tluangi,ashutoshkumar5427
325,rose_tluangi,mondaldevid
326,rose_tluangi,lukes_crb_kazeo
327,rose_tluangi,lovingboyarju
328,rose_tluangi,surya9711111199
329,rose_tluangi,manishkumar9182
0,wildnz_art,am_manish_choudhary
1,wildnz_art,alvisameer748
2,wildnz_art,diksial
3,wildnz_art,cindytamsil
4,wildnz_art,trydeawulndri
5,wildnz_art,saragranollers
6,wildnz_art,xigmie
7,wildnz_art,aliciasinagaa
8,wildnz_art,hendri_photograph51
9,wildnz_art,sobaulkairi
10,wildnz_art,annettnathaniel2
11,wildnz_art,x__sana_xx
12,wildnz_art,faridhasra
13,wildnz_art,mer_i312
14,wildnz_art,bouakri
15,wildnz_art,catur_drsn7
16,wildnz_art,karadisahil2021
17,wildnz_art,joey.7790
18,wildnz_art,kuswantidolken
19,wildnz_art,marhyaa9
20,wildnz_art,rihannaa29_
21,wildnz_art,keyra8357
22,wildnz_art,sufiy800
23,wildnz_art,taylung14
24,wildnz_art,megha_shahani
25,wildnz_art,viviayudaa
26,wildnz_art,anandroy3776
27,wildnz_art,blqisykrh
28,wildnz_art,inhsyhraaa._
29,wildnz_art,131_vi
30,wildnz_art,se.lvia340
31,wildnz_art,gogle_017
32,wildnz_art,widiapp15
33,wildnz_art,khstasya
34,wildnz_art,nu.rlela789
35,wildnz_art,vinnaadisti089
36,wildnz_art,nitaclodnes
37,wildnz_art,onaizuka_
38,wildnz_art,fat.maa.5243817
39,wildnz_art,fadhlan_78
40,wildnz_art,rizky.broo.923
41,wildnz_art,ff.wildnn_19
42,wildnz_art,channel_yusuf_07
43,wildnz_art,rah.mawati004
44,wildnz_art,alissa_hfztiii
45,wildnz_art,sarada.chan23
46,wildnz_art,salsa.ir.37
47,wildnz_art,fakhrymfarras
48,wildnz_art,evayulia_30
49,wildnz_art,rularihha_56
50,wildnz_art,sherly.mnzz_
51,wildnz_art,sitinasution08_
52,wildnz_art,dhyahanun
53,wildnz_art,syahirasn
54,wildnz_art,alfaaaamrt_
55,wildnz_art,wulandarii5229
56,wildnz_art,ayahgrozny
57,wildnz_art,diva_01239
58,wildnz_art,khaerunisa689
59,wildnz_art,deaokta16
60,wildnz_art,ritayulia_026
61,wildnz_art,hesti_stiash
62,wildnz_art,c.bee.f
63,wildnz_art,tetehenta7
64,wildnz_art,dewiinurr18_
65,wildnz_art,putputri905
66,wildnz_art,tetehzakia
67,wildnz_art,abiell27
68,wildnz_art,sitikamilanurhudda
69,wildnz_art,nurlela2530
70,wildnz_art,barbie_yoo086
71,wildnz_art,auliar25
72,wildnz_art,hotpot.dago
73,wildnz_art,rentalmobilbandung.bdg
74,wildnz_art,pcschanel
75,wildnz_art,waodeaulia123_
76,wildnz_art,bondan27720
77,wildnz_art,pesugihan_tampa_tumbal7
78,wildnz_art,digital_storemilenial16
79,wildnz_art,cauz_yt
80,wildnz_art,sumpshopping
81,wildnz_art,seksigram.id
82,wildnz_art,tarii_999
83,wildnz_art,dinisantia03
84,wildnz_art,m.farhan10062006
85,wildnz_art,anantasyafiraa
86,wildnz_art,hamid_cangey
87,wildnz_art,dewulan_project
88,wildnz_art,alsa_sa82
89,wildnz_art,nzwnzf
90,wildnz_art,cahyaniryyn52
91,wildnz_art,emiliaothman._
92,wildnz_art,jaelani09
93,wildnz_art,aldojossparr
94,wildnz_art,sovtme_
95,wildnz_art,rebecca.macii
96,wildnz_art,kang_made92
97,wildnz_art,nagesh_9572
98,wildnz_art,nathacha_ramos_
99,wildnz_art,chikaku17
100,wildnz_art,shellanurhaliza_26
101,wildnz_art,kallll_00
102,wildnz_art,ekhaaa.kaa
103,wildnz_art,shivhamgurjar__
104,wildnz_art,artem.pogyrin
105,wildnz_art,__.kymsupers07
106,wildnz_art,gasax_indo
107,wildnz_art,niaaulia_3dtz_official
108,wildnz_art,sandrachican
109,wildnz_art,qws8501
110,wildnz_art,natashawilona_base
111,wildnz_art,rizkipratama_2802
112,wildnz_art,feridheriyanto
113,wildnz_art,wawacutee_
114,wildnz_art,komalsharma6913
115,wildnz_art,jjdjdjdjdjdjdkdkdk
116,wildnz_art,abangjagohooh_
117,wildnz_art,mhmdtlb4287
118,wildnz_art,_mhmdrdwn12
119,wildnz_art,tanvia_606
120,wildnz_art,obat_sapujagat
121,wildnz_art,sgu_superstore
122,wildnz_art,yusupaditea
123,wildnz_art,dinaa_auu
124,wildnz_art,bhawell1505
125,wildnz_art,rizalmsb1
126,wildnz_art,olanhoew
127,wildnz_art,misssshop__
128,wildnz_art,shandithya2102
129,wildnz_art,cashzine_masyuk
130,wildnz_art,fauzansaputra65
131,wildnz_art,cbtawangmangu
132,wildnz_art,sepp_tzz
133,wildnz_art,erlania_mh019
134,wildnz_art,d.o_10
135,wildnz_art,bintang_2384
136,wildnz_art,itzme.upii
137,wildnz_art,nevi6_
138,wildnz_art,anidahanifh_
139,wildnz_art,nabilaokta55
140,wildnz_art,kevinsyahryan
141,wildnz_art,azka_naro
142,wildnz_art,shein.officiall_
143,wildnz_art,salsaaaw__
144,wildnz_art,slsaszt_01
145,wildnz_art,anas_official24
146,wildnz_art,muhammadpadli16
147,wildnz_art,mohammad1360yy
148,wildnz_art,casualtheplug
149,wildnz_art,followforfollowback828393
150,wildnz_art,yuda_m2
151,wildnz_art,crislany06_oficial
152,wildnz_art,hande_ercel_mi
153,wildnz_art,ravasiapackaging
154,wildnz_art,faaizznn8282
155,wildnz_art,le_maja_le_69
156,wildnz_art,sairanurlaila06
157,wildnz_art,dalita_afriani23
158,wildnz_art,jamtimemachine
159,wildnz_art,faze_wix_god
160,wildnz_art,amri.property
161,wildnz_art,universe.facts.01
162,wildnz_art,segue_esse_insta_da_bio
163,wildnz_art,sssss12356666
164,wildnz_art,rapidtest.indonesia
165,wildnz_art,muhd.harith00
166,wildnz_art,dewykrnia30
167,wildnz_art,didasbusiness.id
168,wildnz_art,emil.e414
169,wildnz_art,sengk_uniiii
170,wildnz_art,samra_fatimaaa
171,wildnz_art,alvirarezkiamaliaasri
172,wildnz_art,rozidwp16
173,wildnz_art,donyjoshua_irfanno_mr
174,wildnz_art,dieemilyerdbeereeee
175,wildnz_art,ramaxyaa13
176,wildnz_art,anggunchomell
177,wildnz_art,lucu_terkocak
178,wildnz_art,clip_ostore.shad
179,wildnz_art,mid_business1
180,wildnz_art,aliif_ak9
181,wildnz_art,dpramu_
182,wildnz_art,riafatma_011
183,wildnz_art,nur_baitul
184,wildnz_art,nurnur4353
185,wildnz_art,zahra_nk42
186,wildnz_art,ya.sport_13
187,wildnz_art,naufal_abdillaha
188,wildnz_art,restu_gustnsyh
189,wildnz_art,wayanwidianew
190,wildnz_art,fefingifts
191,wildnz_art,sitesmeet
192,wildnz_art,about_melody20
193,wildnz_art,chayse1k2
194,wildnz_art,syah_atasia
195,wildnz_art,rmfoxter8
196,wildnz_art,manon_dreurt
197,wildnz_art,dedek_kurniawan_vt
198,wildnz_art,hina_embroidery
199,wildnz_art,calvin.maulana.359
200,wildnz_art,simutt__
201,wildnz_art,hestefania123
202,wildnz_art,celana.pria.kekinian
203,wildnz_art,sweet.dreams25_
204,wildnz_art,decentttmemes
205,wildnz_art,alimovaa__0
206,wildnz_art,ramdan_fahlevi04
207,wildnz_art,gordonz_001
208,wildnz_art,kafrawi04
209,wildnz_art,ati.8945
210,wildnz_art,ardiantifirdasri
211,wildnz_art,imposible_sans
212,wildnz_art,desyyuliaherawati
213,wildnz_art,alifnahijab
214,wildnz_art,neyym1to
215,wildnz_art,homecrediti_pelunasan
216,wildnz_art,rendybiahimo08
217,wildnz_art,nabila67867
0,dz_danish_raza_786,estella_royal
1,dz_danish_raza_786,__.5k.fans_3349
2,dz_danish_raza_786,rapunzel_s_jayshree25
3,dz_danish_raza_786,brok_en_boy_
4,dz_danish_raza_786,xxcv846
5,dz_danish_raza_786,kun.al9982
6,dz_danish_raza_786,r_d_x__b_i_t_t_u_
7,dz_danish_raza_786,astha.sao.98
8,dz_danish_raza_786,av_khan_07
9,dz_danish_raza_786,chauhanriysst
10,dz_danish_raza_786,shilpi.kar_
11,dz_danish_raza_786,syedmozammil786
12,dz_danish_raza_786,ig___f_5__pravin
13,dz_danish_raza_786,rh_____________lover
14,dz_danish_raza_786,rj.sumit.391
15,dz_danish_raza_786,nehanaaz896
16,dz_danish_raza_786,oye_om7
17,dz_danish_raza_786,skchotu84
18,dz_danish_raza_786,_aniket__thakur
19,dz_danish_raza_786,satish_bhai_7
20,dz_danish_raza_786,sheikhrounak155
21,dz_danish_raza_786,aniketrewani
22,dz_danish_raza_786,dikshad87
23,dz_danish_raza_786,aktigers.aktigers.7
24,dz_danish_raza_786,ashraf.alam.94651
25,dz_danish_raza_786,fai_shal2569
26,dz_danish_raza_786,orang_neha
27,dz_danish_raza_786,kasish8709
28,dz_danish_raza_786,riyarathod_15
29,dz_danish_raza_786,alfiya_naaz_1401
30,dz_danish_raza_786,love_66world
31,dz_danish_raza_786,angel_pari_870942
32,dz_danish_raza_786,a5123s
33,dz_danish_raza_786,dream_boy_rahul_09
34,dz_danish_raza_786,sao_aniket
35,dz_danish_raza_786,bigrahuasehjada
36,dz_danish_raza_786,biswas.raja_
37,dz_danish_raza_786,rajmithlesh023
38,dz_danish_raza_786,bijaytiwari77882021
39,dz_danish_raza_786,asad5868392021
40,dz_danish_raza_786,sara7866934
41,dz_danish_raza_786,samim_sk7117521
42,dz_danish_raza_786,sahil_sb70
43,dz_danish_raza_786,dinesh_itz
44,dz_danish_raza_786,subhashyadav4607
45,dz_danish_raza_786,1234567890srt
46,dz_danish_raza_786,sovik_bhat
47,dz_danish_raza_786,itz_u_4
48,dz_danish_raza_786,majid.saudagar.754
49,dz_danish_raza_786,offical_mahi_02
50,dz_danish_raza_786,brave3371
51,dz_danish_raza_786,aabshar_saquib_ff
52,dz_danish_raza_786,irfan_ali_11
53,dz_danish_raza_786,joydev.pramanik.5245
54,dz_danish_raza_786,i_am___shahnwaz_91
55,dz_danish_raza_786,pujaorangpuja
56,dz_danish_raza_786,saibazshikh
57,dz_danish_raza_786,rahul.ramani.37017
58,dz_danish_raza_786,akibdavidakib
59,dz_danish_raza_786,subhamsubham440
60,dz_danish_raza_786,firdos_khan_14
61,dz_danish_raza_786,basu80639
62,dz_danish_raza_786,srknazni
63,dz_danish_raza_786,barkat5191
64,dz_danish_raza_786,pikachu_queen.31586
65,dz_danish_raza_786,ejazali773
66,dz_danish_raza_786,johnsjr60
67,dz_danish_raza_786,md.shahrukh.07
68,dz_danish_raza_786,killerb8740
69,dz_danish_raza_786,zorian.k.a.13
70,dz_danish_raza_786,sohelkhan51008
71,dz_danish_raza_786,shyamal6237
72,dz_danish_raza_786,mallikrohit220
73,dz_danish_raza_786,ak19087252020
74,dz_danish_raza_786,nourish_and_nurture20
75,dz_danish_raza_786,misra3236
76,dz_danish_raza_786,fulzarikhan
77,dz_danish_raza_786,danial_kibg
78,dz_danish_raza_786,rudraswarkaran721144
79,dz_danish_raza_786,riteshkumar5788
80,dz_danish_raza_786,rewani.kunal
81,dz_danish_raza_786,biplab.kaibarta
82,dz_danish_raza_786,ramswaroop829
83,dz_danish_raza_786,sankarravi41595
84,dz_danish_raza_786,6766.ajay
85,dz_danish_raza_786,aritrac03
86,dz_danish_raza_786,manishkumarrana_
87,dz_danish_raza_786,ardaniraju
88,dz_danish_raza_786,dhadkan.sonu
89,dz_danish_raza_786,rishav3676
90,dz_danish_raza_786,milandangar57572019
91,dz_danish_raza_786,bilal__143___srk___ak_47
92,dz_danish_raza_786,rahjdhdkdbjsnbsskkdjdd
0,daravuthpierre,sukhgii2
1,daravuthpierre,soknov_tourguide
2,daravuthpierre,velochessman
3,daravuthpierre,kh_l_sad
4,daravuthpierre,so.hokseng
5,daravuthpierre,rin_thyda
6,daravuthpierre,shine_football_academy
7,daravuthpierre,moa_polin
8,daravuthpierre,daravuth.pierre
9,daravuthpierre,pageclipsnews
10,daravuthpierre,rattanakkry
11,daravuthpierre,hong.youvoin.3
12,daravuthpierre,bonghuy86
13,daravuthpierre,hoksengchhuon
14,daravuthpierre,tith.da
15,daravuthpierre,dalacom2
16,daravuthpierre,john_skiing
17,daravuthpierre,esk_sokea
18,daravuthpierre,eng.ratana
19,daravuthpierre,mao.sela
20,daravuthpierre,vivann.duong
21,daravuthpierre,chhunchhaya
22,daravuthpierre,kanglengfx
23,daravuthpierre,camhomebridge
24,daravuthpierre,keorattanak
25,daravuthpierre,say_heng6767
26,daravuthpierre,tryhorng
27,daravuthpierre,lanynyla
28,daravuthpierre,chi_kim_y
29,daravuthpierre,leabhengchhem
30,daravuthpierre,hongsokhour
31,daravuthpierre,myphone686
32,daravuthpierre,takhmaogoodhealth
33,daravuthpierre,hoysopheap
34,daravuthpierre,neykhut
35,daravuthpierre,chheangvantha1
36,daravuthpierre,phann_thang
37,daravuthpierre,angihum
38,daravuthpierre,sothea.pen
39,daravuthpierre,buthreysela
40,daravuthpierre,ah_lengkim
0,mengli2008,_niyaravvvv_
1,mengli2008,baikinmatvej58
2,mengli2008,olegbordachev
3,mengli2008,rostislav270708
4,mengli2008,a_ki_rmo_n
5,mengli2008,kostik_timoshenko
6,mengli2008,raspsyg
7,mengli2008,mohammadinallah84
8,mengli2008,oleh.klimenko
9,mengli2008,didi_vasilenko
10,mengli2008,art_xlane
11,mengli2008,mahaaa_p
12,mengli2008,____ukona____
13,mengli2008,edita6781
14,mengli2008,044_nikus
15,mengli2008,babichenkoegor
16,mengli2008,abm.anabalamektebi
17,mengli2008,linbvvvv
18,mengli2008,kerimova3053
19,mengli2008,shine_boxxes
20,mengli2008,lale_toy_simf
21,mengli2008,044_arseniy
22,mengli2008,88andrey88
23,mengli2008,ikhristii
24,mengli2008,rodionbasov0606
25,mengli2008,wojciech.syzdol_
26,mengli2008,akepov24
27,mengli2008,quotegroup1
28,mengli2008,mengal2008
29,mengli2008,fevzie_life
30,mengli2008,abusalahuddin_81
31,mengli2008,akulametov
32,mengli2008,pidvlasniy
33,mengli2008,044nikita051
34,mengli2008,iv_anna7665
35,mengli2008,yura_honcharuk24
36,mengli2008,_danil_2707
37,mengli2008,ulvie_2007
38,mengli2008,aviator_ds
39,mengli2008,danner_tv
40,mengli2008,arly_brawl
41,mengli2008,aisheka_10
42,mengli2008,lebedai2010
43,mengli2008,clesh_ak
44,mengli2008,__s.a.h.a__
45,mengli2008,kobra_mosh22n
46,mengli2008,_roman_zdorov_
47,mengli2008,wowxself
48,mengli2008,timur.garbuz
49,mengli2008,kulametovaziz
50,mengli2008,veragrishina96
51,mengli2008,gleb741gdg
52,mengli2008,pashkovskiy_mark
53,mengli2008,simfix_appleservice
54,mengli2008,enverkurtmollaev
55,mengli2008,zaderso
56,mengli2008,princess_elvina
57,mengli2008,big_mag_3
58,mengli2008,dcabarov
59,mengli2008,lililiiiess
60,mengli2008,dostavka_edy_bucha
61,mengli2008,nikitosbanakh2008
62,mengli2008,flower_shop_simf
63,mengli2008,chaikhanaedie
64,mengli2008,kovtunova59
65,mengli2008,_aromatnie_svechi_
66,mengli2008,umar111199
67,mengli2008,alimok.kadyrov
68,mengli2008,kerimova_zera
69,mengli2008,mesuvetova_vika
70,mengli2008,_ulvie_seitosmanova_
71,mengli2008,emil_seitveliyev
72,mengli2008,nastya_3304
73,mengli2008,aidansarmy_ukraine_
74,mengli2008,aa_gromova13
75,mengli2008,ekimenkoa1981
76,mengli2008,lebeda_ivan
77,mengli2008,romantishenka
78,mengli2008,espander_training_shop
79,mengli2008,92_n14
80,mengli2008,vadim_fan_maib
81,mengli2008,archvadzeanzor2010
82,mengli2008,ebodurova
83,mengli2008,khalilkin
84,mengli2008,bodasevskaelvina
85,mengli2008,suleymanalimov
86,mengli2008,elmirabelialova
87,mengli2008,elzara542
88,mengli2008,051nek
89,mengli2008,dinamerzaeva
90,mengli2008,andrei._samoilenko
91,mengli2008,mevabaybuganova
92,mengli2008,afina_bekirova
93,mengli2008,sanie_asanova_emiramzaeva
94,mengli2008,gav9719
95,mengli2008,arbuzovalila
96,mengli2008,jessica_abshilava
97,mengli2008,dilyara_nazimovna
98,mengli2008,artemivanov531
99,mengli2008,anifekurtseitova
100,mengli2008,guffubjijjdse
101,mengli2008,ma__do__si
102,mengli2008,yaroslav_wrestling_67
103,mengli2008,20_wecool_07
104,mengli2008,bekir_082
105,mengli2008,dovgalykr
106,mengli2008,vasiliistanchev
107,mengli2008,halisekadirova
108,mengli2008,1vladimirr
109,mengli2008,aza_bro_selfi100
110,mengli2008,pro100_6motki
111,mengli2008,m_kadyrov90
112,mengli2008,emine_u_
113,mengli2008,_.0bober0._
114,mengli2008,record_ru
0,mr_theug,apero_bar_laub
1,mr_theug,muitacola
2,mr_theug,fran.kwilliams110
3,mr_theug,ruthgarcia9979418
4,mr_theug,shash_ank4545
5,mr_theug,olha_o_post_pfvr
6,mr_theug,kamlesh.choudhary960
7,mr_theug,white_moon_sa
8,mr_theug,nelyoktaviami
9,mr_theug,happy_boy_ff
10,mr_theug,__.5k.fans.foryou__3281
11,mr_theug,__5k_ig_fans_353
12,mr_theug,magolide440
13,mr_theug,4687bren_da
14,mr_theug,reines41
15,mr_theug,lustige_videosbilder21
16,mr_theug,serge.belibi
17,mr_theug,halahatem1995
18,mr_theug,mano.n9689
19,mr_theug,kahve_blogum_
20,mr_theug,anike1708
21,mr_theug,djy_general
22,mr_theug,laris_a595
23,mr_theug,its_rolandomaynega
24,mr_theug,chacal_meli
25,mr_theug,m.le_negre237
26,mr_theug,duboisnael
27,mr_theug,flokacharly
28,mr_theug,erwan_ella_69
29,mr_theug,abou_riche_223
30,mr_theug,bkp_shaka
31,mr_theug,hamaaronia
32,mr_theug,x_x_x_tentacion_fans55
33,mr_theug,_eu_ariel
34,mr_theug,altagraciasheaffer4
35,mr_theug,coded3414
36,mr_theug,papo_blok_f
37,mr_theug,ghostkitty7777
38,mr_theug,millea_nabelli
39,mr_theug,jaeson_420
40,mr_theug,ngee_capital.bra
41,mr_theug,lee.la.biografia.porfa23
42,mr_theug,walton_snkz
43,mr_theug,900taydon
44,mr_theug,efrain.gasper7
45,mr_theug,__ds_mad__
46,mr_theug,rapnewslocal
47,mr_theug,fortniteclipsandm0re
48,mr_theug,naturalgirls01
49,mr_theug,henry10_rz
50,mr_theug,barbiegirl_78
51,mr_theug,giving_followers_101
52,mr_theug,marinaf_
53,mr_theug,dr_choco._.l.incompris
54,mr_theug,influencer9061
55,mr_theug,naylson_lacerda
56,mr_theug,digitallywealthy
57,mr_theug,serdesignstudio
58,mr_theug,tushar_lx_up
59,mr_theug,am.larr
60,mr_theug,gabriellemayberry2
61,mr_theug,ecom1.course
62,mr_theug,khushwantcharan0001_
63,mr_theug,tracy_musiclife
64,mr_theug,harisingh28682
65,mr_theug,liliililas
66,mr_theug,dianatim001
67,mr_theug,lumennathayna
68,mr_theug,hype.jermany
69,mr_theug,hip.hop.musik
70,mr_theug,role.playslut
71,mr_theug,n1ma_insta
72,mr_theug,the12shoes
73,mr_theug,pr33tywh00
74,mr_theug,pirexmoreno
75,mr_theug,nosu_perleague2021
76,mr_theug,alex_gezng
77,mr_theug,segueabio733
78,mr_theug,ronykarate
79,mr_theug,king_of_life_0987
80,mr_theug,katerdy42
81,mr_theug,arielle.diane.372
82,mr_theug,lbhhjcd
83,mr_theug,yves_lekarismatik
84,mr_theug,broseennin_yt
85,mr_theug,apoloziq
86,mr_theug,victorbrm12
87,mr_theug,kingsman6956
88,mr_theug,irina.fxmin
89,mr_theug,sofia_tarenelli_
90,mr_theug,fridahanssons_
91,mr_theug,lorganepatricia
92,mr_theug,sicksofia.a
93,mr_theug,olymp_boy
94,mr_theug,topcamisetasmix
95,mr_theug,catlixtv
96,mr_theug,wallpapersunique
97,mr_theug,deecan_teed
98,mr_theug,daddy3_2
99,mr_theug,richdiva1
100,mr_theug,47hamburgfrattellofaaaan
101,mr_theug,bokangposha
102,mr_theug,jesussvcf14
103,mr_theug,carooo.kl
104,mr_theug,anobi0580
105,mr_theug,ewanmccomb
106,mr_theug,baby.say98
107,mr_theug,dannywayne__
108,mr_theug,ichbi.nlesbisch
109,mr_theug,aleksander85245
110,mr_theug,daydreammarketing
111,mr_theug,pets_at__48
112,mr_theug,eurovision_fun1
113,mr_theug,abbashassnain786
114,mr_theug,s_ub4sub
115,mr_theug,jezermc
116,mr_theug,ntz.esport9
117,mr_theug,music.atlantic
118,mr_theug,musichanas
119,mr_theug,ortezinfotech
120,mr_theug,tunesofyouth
121,mr_theug,opboss630
122,mr_theug,djouojess
123,mr_theug,s_lab19
124,mr_theug,daniel_______danns
125,mr_theug,explore_and_viaggio
126,mr_theug,valeriodipietroo18_
127,mr_theug,v2felinee
128,mr_theug,theoffical.lightskin2x
129,mr_theug,kiraa.exclusive
130,mr_theug,elsa.oficial123
131,mr_theug,ixoloveriya
132,mr_theug,florindo_o_amanhecer
133,mr_theug,aslam__8080
134,mr_theug,fairose_guad
135,mr_theug,angeloa395
136,mr_theug,sauvage628
137,mr_theug,zakircoolkids
138,mr_theug,only_viben
139,mr_theug,_attitude_boy_32
140,mr_theug,sunny__mishra___123
141,mr_theug,officialsauce_op
142,mr_theug,simondoumit
143,mr_theug,sarfraj3829
144,mr_theug,1mi_ncrafts
145,mr_theug,lu.igi8359
146,mr_theug,praxis.word
147,mr_theug,kkayu.m258
148,mr_theug,skmuju84
149,mr_theug,iksomsk
150,mr_theug,as_lan_987
151,mr_theug,itz.vivids
152,mr_theug,chabashvili.0
153,mr_theug,iamzlatan0ibrhimovic
154,mr_theug,kiss.kiss.1111
155,mr_theug,mohd_daud_9_10
156,mr_theug,backuppositivezay
157,mr_theug,mishobestcat
158,mr_theug,salanon2020
159,mr_theug,lesgrandschefsprofessionnel
160,mr_theug,trap_studio_paris
161,mr_theug,mr_princellofficiel
162,mr_theug,d_s_s_strong
163,mr_theug,caron_elena_
164,mr_theug,exclu_time
165,mr_theug,lyontime69
166,mr_theug,2pacc_17
167,mr_theug,the_cat_lover_house
168,mr_theug,sandeepk68330gmail.c
169,mr_theug,forever_millionzz_
170,mr_theug,_.dragon._5656
171,mr_theug,kay_kay476
172,mr_theug,janf.95
173,mr_theug,yungmoomie
174,mr_theug,tudosobreturmadamonica
175,mr_theug,c4ndys0u1s
176,mr_theug,cats_fanclub01
177,mr_theug,dervacco
178,mr_theug,getto_princ_187
179,mr_theug,g.68z
180,mr_theug,ijalana_michael
181,mr_theug,azarias_lk
182,mr_theug,mackenzi001officiel
183,mr_theug,trickpadoms
184,mr_theug,james_gedeon
185,mr_theug,mr.brule
186,mr_theug,lapanterita_salome
187,mr_theug,mdesormaistadrogue
188,mr_theug,mellohofficiel
189,mr_theug,trone_solide_off_
190,mr_theug,em_teay_1
191,mr_theug,soudays.ben
192,mr_theug,jaystayinghumble
193,mr_theug,real_dfash
194,mr_theug,teambobii1149
195,mr_theug,lynze_grace
196,mr_theug,living__comfort
197,mr_theug,marctremblay16
198,mr_theug,huyenngyn
199,mr_theug,rober_tdesbois
200,mr_theug,glee_lover_455
201,mr_theug,laluhmarion
202,mr_theug,suuuupppbish
203,mr_theug,stormyweather61
204,mr_theug,gudurrku_shark_bunpa2
205,mr_theug,tokomariette8
206,mr_theug,sacha_la_lionne
207,mr_theug,iccy.lillyy
208,mr_theug,h_a_i_n_a_225
209,mr_theug,fatimzara31
210,mr_theug,clova_bkt
211,mr_theug,halima_disco
212,mr_theug,badwad52
213,mr_theug,_._nowty_._pami_._
214,mr_theug,top_stars_in_world
215,mr_theug,drake_le_tatoue
216,mr_theug,_kibet._
217,mr_theug,_.ld._lucas
218,mr_theug,lavish_gad14
219,mr_theug,babygirl.derrion
220,mr_theug,kianhickinbottom
221,mr_theug,joel.beling
222,mr_theug,borel843
223,mr_theug,ziad4254
224,mr_theug,nzo_sd
225,mr_theug,greency014
226,mr_theug,lethuuw
227,mr_theug,vella.nadia
228,mr_theug,baye2960
229,mr_theug,chino_.707
230,mr_theug,med_amine_ksi
231,mr_theug,jamal_khatabii
232,mr_theug,alexanderrsimpson
233,mr_theug,tunchiidaily
234,mr_theug,mganga1895
235,mr_theug,bella.mdy
236,mr_theug,de_grey_wolf_
237,mr_theug,itz_kieasha
238,mr_theug,addoh.desire
239,mr_theug,triple_x_onfory7
240,mr_theug,its_.charmaine.za
241,mr_theug,sexual_chocolate70
242,mr_theug,casperjoker174
243,mr_theug,infgang_hustlerz
244,mr_theug,serafinjhinuwu
245,mr_theug,yourtruecapper
246,mr_theug,amyhodgson__
247,mr_theug,sh3lovecam
248,mr_theug,love_line_love_lo
249,mr_theug,naruto_uzumaki7hokage_
250,mr_theug,eitweet
251,mr_theug,vdl.lucas_
252,mr_theug,oggocarvalho26
253,mr_theug,love_the_way_you_rap
254,mr_theug,elodie_love67
255,mr_theug,sacha_mrcl_
256,mr_theug,noemie_pdnf
257,mr_theug,kaseculture
258,mr_theug,khan_g_087
259,mr_theug,itachi_sensei99
260,mr_theug,shaim__belim__47
261,mr_theug,kimmykim.05
262,mr_theug,same_er8154
263,mr_theug,upia_dev
264,mr_theug,aidilfirli0143
265,mr_theug,1926_lodos
266,mr_theug,olheiro1070
267,mr_theug,xxtentacion_son
268,mr_theug,team_fire_france
269,mr_theug,ul_ugbek1155
270,mr_theug,tuberpromoter
271,mr_theug,flaykox
272,mr_theug,ssssss__jy
273,mr_theug,aayush_sajna
274,mr_theug,yea.coolkid
275,mr_theug,camsal_youtube
276,mr_theug,jhonatansolartepabon
277,mr_theug,simp.foejay
278,mr_theug,cutty_nashrif
279,mr_theug,zha.nna82
280,mr_theug,mahoghnyqueen
281,mr_theug,muhammadtoyep
282,mr_theug,clolepinay
283,mr_theug,angepallo
284,mr_theug,lena_anil_
285,mr_theug,vitinho__c
286,mr_theug,maitresalla
287,mr_theug,mbah_gatott17
288,mr_theug,_iditing_maker_group_
289,mr_theug,dianna_latin_country_fanpage
290,mr_theug,biaannka_
291,mr_theug,pindaa_alla_jatt
292,mr_theug,sufiyanqureshi620
293,mr_theug,butnaru_natalia2008
294,mr_theug,java_go
295,mr_theug,stati__ioma__ma____
296,mr_theug,tiktok__funny
297,mr_theug,tahsin6923
298,mr_theug,marythomes6
299,mr_theug,_hebdo.sport_
300,mr_theug,justine00074
301,mr_theug,abldrn2050
302,mr_theug,_.official._.nigel
303,mr_theug,oreoandcola
304,mr_theug,fortnitememsik
305,mr_theug,arthur_tanan_25
306,mr_theug,f1_oldtimes
307,mr_theug,top_cats__ukraine
308,mr_theug,eurovision_fans_world_
309,mr_theug,tazimkhan84
310,mr_theug,shyam_baba_ki_
311,mr_theug,roleg3854
312,mr_theug,petlo_veworld
313,mr_theug,promoter_love_xify
314,mr_theug,pk_rozor
315,mr_theug,______klyd______
316,mr_theug,kadgen.web
317,mr_theug,lisa_mnro
318,mr_theug,argent_rapido_idf
319,mr_theug,pabl0_frnz
320,mr_theug,mathys_qnm
321,mr_theug,calequeziad
322,mr_theug,best.moments.nfl
323,mr_theug,el_azhl
324,mr_theug,itzneerajatri
325,mr_theug,abandonado1234566
326,mr_theug,olheiros6438
327,mr_theug,beatrice.larbie.16
328,mr_theug,secret.richness
329,mr_theug,pretty_flow___
330,mr_theug,meowverse_love
331,mr_theug,exodus_zxl
332,mr_theug,catslifecr
333,mr_theug,ahmadi008899
334,mr_theug,jahdjeremy
335,mr_theug,gabriel_benvenuti10
336,mr_theug,dizzy0v0
337,mr_theug,_marina4_68
338,mr_theug,mr_sahil_syd
339,mr_theug,ak.adela
340,mr_theug,fizzah_khattak9
341,mr_theug,saidakbar1101
342,mr_theug,shaniarolle13
343,mr_theug,min_na.14
344,mr_theug,c0la_luv
345,mr_theug,_kauan_06_
346,mr_theug,marco.vka
347,mr_theug,daps.sneaker
348,mr_theug,pattywilliams295
349,mr_theug,shevaun.yzt
350,mr_theug,uzunsne
351,mr_theug,prit00008
352,mr_theug,f4f_nolix
353,mr_theug,ramdi8611
354,mr_theug,goldenxenos262020
355,mr_theug,vinicius_kaule
356,mr_theug,shohobiddin2005
357,mr_theug,tajunior.sap
358,mr_theug,official_kdn3
359,mr_theug,l_.shawnmendes._l
0,itsaqiila,harryelconestilo
1,itsaqiila,trydeawulndri
2,itsaqiila,br.okenheart9828
3,itsaqiila,xigmie
4,itsaqiila,nelyoktaviami
5,itsaqiila,sahar_moussaa
6,itsaqiila,dailyrells
7,itsaqiila,ia7661109
8,itsaqiila,aisyahaqila35
9,itsaqiila,ats.anzaniiiiii_8521
10,itsaqiila,fakhrulazeezi_syukron
11,itsaqiila,adilahzein._
12,itsaqiila,huzaif_rock_star_78
13,itsaqiila,rody.kmal
14,itsaqiila,helpspreadawareness1
15,itsaqiila,vert_runt
16,itsaqiila,harrymlna_
17,itsaqiila,syarifulm18
18,itsaqiila,elfarizie_110
19,itsaqiila,islammiracless
20,itsaqiila,husnilhidayah
21,itsaqiila,cookingwith_nona
22,itsaqiila,bfi691
23,itsaqiila,pijatwanitaenak2995
24,itsaqiila,baitulmal_ahsanunadiyya
25,itsaqiila,anessnv_
26,itsaqiila,ps.st0rejakaarta_
27,itsaqiila,de_wild_flawa
28,itsaqiila,bil_aaj
29,itsaqiila,bo5qldng
30,itsaqiila,aleksei.sl93
31,itsaqiila,fadillah_ahmadrivan
32,itsaqiila,aksa_raza_
33,itsaqiila,hakunakimmy
34,itsaqiila,ww_vicky
35,itsaqiila,lalareny.ayu
36,itsaqiila,tniaaadn_
37,itsaqiila,88xj__
38,itsaqiila,outfitformenandwomen
39,itsaqiila,baca.bio.aku.sekarang
40,itsaqiila,musidikksn
41,itsaqiila,j_ii_m_v
42,itsaqiila,nasichintarjuni
43,itsaqiila,bhogel.nadia
44,itsaqiila,raisyah_ica
45,itsaqiila,fitria_sahara242
46,itsaqiila,m_naufal211
47,itsaqiila,agungkrisbiantoro_
48,itsaqiila,dn_galeryshop
49,itsaqiila,pemuda_riau_355
50,itsaqiila,annisbeauty890
51,itsaqiila,yumaania
52,itsaqiila,breastfeeding_clothes1
53,itsaqiila,gluta.whitening.ofcl
54,itsaqiila,vhieraaulia
55,itsaqiila,prettybobbyswife
56,itsaqiila,husaina_atsaqib283
57,itsaqiila,devan_skuyyy
58,itsaqiila,febri.a05
59,itsaqiila,sitifatimah8271
60,itsaqiila,hari.yulianto13
61,itsaqiila,nurmala.p.sari.33
62,itsaqiila,firly.24__
63,itsaqiila,silsiliamanda
64,itsaqiila,adilkhatri522
65,itsaqiila,pinkgalf03
66,itsaqiila,301387lhh
67,itsaqiila,_battle_star_mh_20
68,itsaqiila,eaai_kelvin
69,itsaqiila,therock.realfans
70,itsaqiila,dropnshop_online_bisnis
71,itsaqiila,dana_cs_id1
72,itsaqiila,_sctwins0214
73,itsaqiila,dagelan.anjir
74,itsaqiila,zaldaengrasiaervina
75,itsaqiila,viralbisnis_banyuwangikota
76,itsaqiila,kaa.gemoii
77,itsaqiila,pa_mafaza
78,itsaqiila,younes_259
79,itsaqiila,pris_256
80,itsaqiila,n.asyifaaiqah
81,itsaqiila,case.bee29
82,itsaqiila,vinaanggraini900
83,itsaqiila,erivaindriyani_03
84,itsaqiila,putriee288
85,itsaqiila,raaaullardl
86,itsaqiila,flowerybloom._
87,itsaqiila,ridho__ansyah
88,itsaqiila,haidaniel_d
89,itsaqiila,majalahdiri
90,itsaqiila,sofiyahmaharani
91,itsaqiila,dwiputra_travel
92,itsaqiila,irapanyy
93,itsaqiila,ummu.zerina
94,itsaqiila,sr12herbalskincarejakut
0,_lisdasarii,arm_tut_yt
1,_lisdasarii,harryelconestilo
2,_lisdasarii,trydeawulndri
3,_lisdasarii,xigmie
4,_lisdasarii,richardcarter0419931
5,_lisdasarii,ahmaddad_98
6,_lisdasarii,abillnjh__
7,_lisdasarii,htrhspalioma
8,_lisdasarii,ximena_gamboa57
9,_lisdasarii,pranataroji
10,_lisdasarii,_lojaodaeconomia514
11,_lisdasarii,eriana._188
12,_lisdasarii,zlove.3
13,_lisdasarii,msglow.bekasi_
14,_lisdasarii,r_osa.33
15,_lisdasarii,sneax_99
16,_lisdasarii,adii00003
17,_lisdasarii,alialexandru10
18,_lisdasarii,muzaffar0026
19,_lisdasarii,xshutyx
20,_lisdasarii,liall1101
21,_lisdasarii,olivialugerl
22,_lisdasarii,jhupek
23,_lisdasarii,5555skverma
24,_lisdasarii,raharrajawi
25,_lisdasarii,10kmilhoes
26,_lisdasarii,arismanizzakampar_28gadis
27,_lisdasarii,1_i_nstagram
28,_lisdasarii,betsyjim123
29,_lisdasarii,rekirezautama_213
30,_lisdasarii,noahniklas_420
31,_lisdasarii,glutacid.officall
32,_lisdasarii,dimasswnda24
33,_lisdasarii,sukyy50o
34,_lisdasarii,kh_lyl3779
35,_lisdasarii,odalis_perla
36,_lisdasarii,kidod_99
37,_lisdasarii,l1naa.14
38,_lisdasarii,jliakrnia
39,_lisdasarii,damsi.ajo
40,_lisdasarii,intan.maulida.167527
41,_lisdasarii,zhaviraindahasita
42,_lisdasarii,ston.ey572
43,_lisdasarii,naimbmpvri
44,_lisdasarii,latifahmmn42021
45,_lisdasarii,metha_anisabana
46,_lisdasarii,phamtranhuong.giang
47,_lisdasarii,noisnemid7
48,_lisdasarii,jainul__islam
49,_lisdasarii,bts_oficial_armys21
50,_lisdasarii,benaantaiuh
51,_lisdasarii,suzanbaliey
52,_lisdasarii,fcbarcelona___club
53,_lisdasarii,holly_oxx_
54,_lisdasarii,nurnrlan
55,_lisdasarii,sam.eerkh112
56,_lisdasarii,notakhaidir
57,_lisdasarii,kesehatan_dan_kecantikan_kulit
58,_lisdasarii,wolf_baby8
59,_lisdasarii,thomasofisyel_509
60,_lisdasarii,azelief2020
61,_lisdasarii,martianishusno
62,_lisdasarii,andrewkylebernard
63,_lisdasarii,babell44
64,_lisdasarii,ltxt28
65,_lisdasarii,salvy_boo
66,_lisdasarii,ikharosalia418
67,_lisdasarii,_malin_k_a_prvt_17
68,_lisdasarii,jimin.bighittentertainment_
69,_lisdasarii,firnando_004
70,_lisdasarii,mgqsetwn6
71,_lisdasarii,ronalyn4255
72,_lisdasarii,fabiana_amaro_s
73,_lisdasarii,bourgogne_marie
74,_lisdasarii,real.madrid.fan.page10
75,_lisdasarii,mina_.twice._
76,_lisdasarii,jessicalano_03
77,_lisdasarii,glitterinmydck
78,_lisdasarii,putriwulandari089
79,_lisdasarii,desmawatimr
80,_lisdasarii,_hrdyhartama
81,_lisdasarii,naomi_anakampun
82,_lisdasarii,fenty_enre.l
83,_lisdasarii,reusados2021
84,_lisdasarii,official_mb_rathour_
85,_lisdasarii,m.aryatamareynan
86,_lisdasarii,cartooncsp
87,_lisdasarii,puspitasari_1201
88,_lisdasarii,vimlesh5075
89,_lisdasarii,malainfluencia.g
90,_lisdasarii,riadelitaa_
91,_lisdasarii,sukma_dewi.k
92,_lisdasarii,affanmadang
93,_lisdasarii,moch.zayy
94,_lisdasarii,sheikh_chile____01
95,_lisdasarii,avon.beraterinsaskia
0,fanlyndany,kb_classic_tz
1,fanlyndany,miliniqn
2,fanlyndany,sandile___5__
3,fanlyndany,official_brunotz
4,fanlyndany,barkadaito
5,fanlyndany,penemah_tz
6,fanlyndany,marietha.mathias.3
7,fanlyndany,dinamassay
8,fanlyndany,doreenmiltons
9,fanlyndany,reubenelibariki
10,fanlyndany,amanzily
11,fanlyndany,poulin.simon.52
12,fanlyndany,doni_jazzy
13,fanlyndany,vicent.john.79025
14,fanlyndany,cathydeus
15,fanlyndany,flupatu64
16,fanlyndany,jeremy_emaa
17,fanlyndany,maulidyhamiss
18,fanlyndany,copafelex94tz
19,fanlyndany,kimzuxx
20,fanlyndany,hranadhan75
21,fanlyndany,mwendo_mjesh
22,fanlyndany,eliyustosulley
23,fanlyndany,othuman_salim__ngaka
24,fanlyndany,mkingas_kiswaga
25,fanlyndany,saidhemedy00
26,fanlyndany,jcbsebastiano
27,fanlyndany,davidyohana8572017
28,fanlyndany,zefanmathias
29,fanlyndany,mr.immah
30,fanlyndany,aladinfisoo
31,fanlyndany,thomas.recho
32,fanlyndany,zuena.mwanga
33,fanlyndany,tungueliya19
34,fanlyndany,iddynation45
35,fanlyndany,amos_kazogommba8698
36,fanlyndany,gwandukirway
37,fanlyndany,barakapetr
38,fanlyndany,eliynaman08
39,fanlyndany,reymondymohamedy
0,_king_sfa,allornuh
1,_king_sfa,yogesh_7609
2,_king_sfa,ridhi_rahman06
3,_king_sfa,sfc_agnihotri
4,_king_sfa,ajay_dabhi_3_1_7
5,_king_sfa,ammar_baba20
6,_king_sfa,itz_mahnoor_1020
7,_king_sfa,___shiva__gupta__6152
8,_king_sfa,shash_ank4545
9,_king_sfa,addiversionn
10,_king_sfa,isahilkhan1
11,_king_sfa,prabhjot_1
12,_king_sfa,saisanjan_
13,_king_sfa,manish_mali_866
14,_king_sfa,pooja_sharma.i
15,_king_sfa,tarun.28_
16,_king_sfa,simran_rajput0101
17,_king_sfa,divyang_kapoor
18,_king_sfa,brokanhart18
19,_king_sfa,gulam.rabbani0.7
20,_king_sfa,arju.arjun.a
21,_king_sfa,ayushrajput5134
22,_king_sfa,cuteboyamandehraj0055
23,_king_sfa,royal.____.king
24,_king_sfa,__dream__boy____9058
25,_king_sfa,bayou.ae
26,_king_sfa,x__king_21
27,_king_sfa,gulbhar.ali.1422409
28,_king_sfa,iamfiiza
29,_king_sfa,sachin_thorat_3
30,_king_sfa,__bad_boy_akash__
31,_king_sfa,mr_sohail_01_
32,_king_sfa,zain_shah_14
33,_king_sfa,skrubel837
34,_king_sfa,riya_akter267
35,_king_sfa,thetimepieceseller
36,_king_sfa,babyd.oll88
37,_king_sfa,learningfrmmom
38,_king_sfa,ruqya_hyder
39,_king_sfa,adyamonologues
40,_king_sfa,yoo_shpoiiko_
41,_king_sfa,gossip_bolly
42,_king_sfa,ahmedshah4128
43,_king_sfa,loindela09
44,_king_sfa,sarma_ji12
45,_king_sfa,addictive_cars_
46,_king_sfa,mayadeboer127
47,_king_sfa,its_nelm
48,_king_sfa,anthoanet18
49,_king_sfa,saisanjusow
50,_king_sfa,nx19_99
51,_king_sfa,shop_brand_u
52,_king_sfa,youtubemaster897
53,_king_sfa,devilal3070
54,_king_sfa,its_op_asif
55,_king_sfa,arman_vriter
56,_king_sfa,apolovasquezarzola
57,_king_sfa,chelsea.w.prince
58,_king_sfa,__coco__156
59,_king_sfa,kripesh.2606
60,_king_sfa,manan29807
61,_king_sfa,mdaadilkhan_147
62,_king_sfa,situdutta55662020
63,_king_sfa,k____krishna____k
64,_king_sfa,itz._.faizy
65,_king_sfa,mrdanish472
66,_king_sfa,yyf_81
67,_king_sfa,aman_mokar
68,_king_sfa,sourav_sonu124
69,_king_sfa,ashishdakhala
70,_king_sfa,jainwalkrish
71,_king_sfa,sameerahmad5329
72,_king_sfa,cgjeogzp4
73,_king_sfa,sam.ali4497
74,_king_sfa,_abhi0_33
75,_king_sfa,itz_yash_143
76,_king_sfa,salma.shaikh07
77,_king_sfa,mani_ahmedgarhiya
78,_king_sfa,ahad_offcilal_xx
79,_king_sfa,syther__jeev_00i
80,_king_sfa,yash_shinde_9851
81,_king_sfa,david__.ravan
82,_king_sfa,king_siddharth.11
0,mai.melalikebali,lesham_24
1,mai.melalikebali,rah_kenedy
2,mai.melalikebali,trydeawulndri
3,mai.melalikebali,alvisameer748
4,mai.melalikebali,belbey_ghofran_
5,mai.melalikebali,_alina_lubenets
6,mai.melalikebali,abillnjh__
7,mai.melalikebali,adymhs_
8,mai.melalikebali,influencer72915
9,mai.melalikebali,nassim._.qlf
10,mai.melalikebali,sitimh101
11,mai.melalikebali,amit_aaryan_001
12,mai.melalikebali,bishal_khadka6
13,mai.melalikebali,haifa.rf
14,mai.melalikebali,diana.id717
15,mai.melalikebali,kohar888
16,mai.melalikebali,mutt.mutt.98499
17,mai.melalikebali,endaho_
18,mai.melalikebali,levikidsnap
19,mai.melalikebali,risnanda_1709
20,mai.melalikebali,aldo_onad
21,mai.melalikebali,veliciana__natalie
22,mai.melalikebali,anggraenilira8
23,mai.melalikebali,jarrrr.s
24,mai.melalikebali,rafasya23443
25,mai.melalikebali,_b_u_r_g_u_e_s_a___
26,mai.melalikebali,nadhaindyra
27,mai.melalikebali,achmad.sulaiman_
28,mai.melalikebali,bantufollowakunsatunya
29,mai.melalikebali,johanwinatajw
30,mai.melalikebali,conceitedbree___
31,mai.melalikebali,mk6402344
32,mai.melalikebali,geck_widhi
33,mai.melalikebali,kurnias_93
34,mai.melalikebali,__nieee___
35,mai.melalikebali,relaxinvibess
36,mai.melalikebali,cepkholis21
37,mai.melalikebali,its_mesaraaaaaa
38,mai.melalikebali,fukaru_flazin
39,mai.melalikebali,meyda1215
40,mai.melalikebali,adiitte
41,mai.melalikebali,gmaiadnea
42,mai.melalikebali,ew3twiname350
43,mai.melalikebali,powerbask
44,mai.melalikebali,rendi_saputra.id
45,mai.melalikebali,han.han1995_
46,mai.melalikebali,_kakashi._17
47,mai.melalikebali,dtendean__
0,marina.anillo,be_financial_freedom_
1,marina.anillo,maya.saborido
2,marina.anillo,sandy_bhegade_03
3,marina.anillo,anatolya_permyakov
4,marina.anillo,mdsaim668
5,marina.anillo,marvelxtv
6,marina.anillo,akashkumar72759
7,marina.anillo,amankhan74133
8,marina.anillo,mo____uzee
9,marina.anillo,jasneet_4441
10,marina.anillo,apero_bar_laub
11,marina.anillo,ibn_elniel_salon
12,marina.anillo,dark__boy_s
13,marina.anillo,body_elbatawy
14,marina.anillo,happy_boy_ff
15,marina.anillo,karensmith8228699
16,marina.anillo,meena.5239
17,marina.anillo,palmakeihy
18,marina.anillo,brcusic6ud
19,marina.anillo,matthew_h._clemmer
20,marina.anillo,ignacio_barcelo
21,marina.anillo,distribucionesdelsur8
22,marina.anillo,matiasgonzalez_upfield_chef
23,marina.anillo,peptheconcierge
